encourage: 終電を逃した	タクシーに乗るチャンス
encourage: 見たかったドラマを見逃した	再放送あるよ
encourage: エアコンを消し忘れた	電気代がえぐいね
encourage: 宿題忘れた	たまには休憩も必要だよ
encourage: チケット売り切れてた	ライヴビューイングや配信を待とう。
encourage: チケット忘れた	係の人に正直に話そう
encourage: 食材買い忘れた	でもその食材が欠けていても美味しいでしょ？
encourage: 寝過ごした	それだけ疲れていたんだよ
encourage: 犬が脱走した	追いかけよう！！
encourage: 魚を逃した	逃した魚は大きいぞ！
encourage: 終電を逃した	迎えに行ってあげるよ
encourage: 見たかったドラマを見逃した	別の面白いドラマ見よう
encourage: エアコンを消し忘れた	そんなときもあるよ
encourage: 課題を提出し忘れた	とりあえず出しておこう
encourage: ライブのチケット抽選申し込み忘れた	きっと当日券があるよ
encourage: 話を聞き逃した	もう一回聞きに行こう
encourage: 終電を逃した	そんな日もあるよ！
encourage: 見たかったドラマを見逃した	見逃し配信で見れるよ！
encourage: エアコンを消し忘れた	家帰ったら涼しいね！(暖かいね)
encourage: 教科書忘れた	友達に見せてもらおう！
encourage: 出席忘れた	まだ落単じゃないよ！
encourage: 終電を逃した	Let's 野宿！非日常を味わっちゃおう！
encourage: 見たかったドラマを見逃した	サブスクを利用すればいつだって見れるよ！アマプラが安くておすすめ！
encourage: エアコンを消し忘れた	エアコン消さないほうが電力安かったりするんだよ？知ってた？
encourage: 説明会に出忘れた	人生何とかなるさ！説明会に取り組んでいる君は頑張っている！
encourage: 提出物だし忘れた	提出物忘れ一回？余裕だね！
encourage: 逃した	何を逃したんだい？そんなの人生の微々たるミスや。
encourage: 忘れた	何を忘れたんだい？人間忘れる生き物さ。
encourage: 終電を逃した	次、気をつければいいじゃない!
encourage: 見たかったドラマを見逃した	Tverで見ればいいじゃない!
encourage: エアコンを消し忘れた	帰ってきたor起きた時にベストな温度になっているよ！
encourage: 電車に乗り遅れた	乗り換えでダッシュすればきっと間に合うよ！
encourage: 友達との待ち合わせに遅刻した	謝ったら、許してくれるよ!
encourage: 課題を出し忘れた	これから出し忘れないようにすればOK!
encourage: チケットの販売期間が終わっていた	これからきちんとチェックして忘れないようにすればOK!
encourage: チケットの抽選期間が終わっていた	きっと運が溜まっているよ！
encourage: スマホ忘れた	スマホがなくてもなんとかなるよ！
encourage: ダブルブッキングをした	きっと、なんとか調整できるよ！
encourage: ゴキブリを仕留め損ねた	もしかしたら家の外に行ったかもよ
encourage: お財布忘れた	サザエさんも忘れてたからそんなに落ち込まないで!
encourage: 終電を逃した	タクシーがあるよ
encourage: 見たかったドラマを見逃した	見逃し配信があるよ
encourage: エアコンを消し忘れた	帰ったら快適だね
encourage: 連絡をし忘れた	今すぐしよう
encourage: 薬を飲み忘れた	すぐのもう
encourage: 忘れ物をした	取りに帰る？
encourage: 財布を忘れた	なんとかなるよ
encourage: 約束を忘れた	そういうときもある
encourage: 録画してない	親に連絡しよ
encourage: 定期忘れた	ドンマイ
encourage: 電車乗り過ごした	あるあるだわ
encourage: レポート出し忘れた	次がんばろ
encourage: スマホ忘れた	まあ、なんとかなる
encourage: やばい課題	教えてあげるよ
encourage: 終電を逃した	友達のいえにお泊まりして楽しもう！
encourage: 見たかったドラマを見逃した	Tverで観れるから大丈夫！
encourage: エアコンを消し忘れた	1日くらいそんなに電気代かからないから大丈夫！
encourage: 電気をつけっぱなしにした	次気をつければいいんだよ
encourage: 傘を持って行こうと思っていたら忘れて雨になった	隣にいる人の傘に入ってしまおう
encourage: 課題を出し忘れた	教授を説得して再提出させてもらう
encourage: バイトあるのに制服忘れた	バイトの友達に貸してくれないか聞いてみよう
encourage: バイトの時間を1時間間違えた	1時間早く入れてもらっちゃおう！
encourage: 家を出たら財布を忘れた	今日は一日ヒモになろう
encourage: ESの期限間違えた	違う企業でも似てるような会社あるはずだよ！
encourage: 欲しいものを買えなかった	他の店に買いに行こう！
encourage: 告白するタイミングを逃した	まだタイミングはこれから来るはず！
encourage: 洗濯物を取り込み忘れた	今から取り込んでも遅くない
encourage: 終電を逃した	お疲れ様！タクシー呼ぼ
encourage: 見たかったドラマを見逃した	動画配信サービスで配信されてるかもよ！
encourage: エアコンを消し忘れた	この反省を次に活かそう！
encourage: 電車逃した	たまにはゆっくりでもいいんじゃない？
encourage: ドラマ見逃した	見逃し配信をチェック！
encourage: 財布忘れた	愉快なサザエさん♪
encourage: 鍵しめ忘れた	きっと大丈夫
encourage: Suica忘れた	切符チャレンジ！
encourage: 終電逃した	あちゃー
encourage: 終電を逃した	うち泊まる？
encourage: 見たかったドラマを見逃した	Tverで再放送されてるかな？
encourage: エアコンを消し忘れた	家に帰ったら時天国じゃん
encourage: 提出出来なかった	それは、ちゃんと確認しよ
encourage: ご飯食べるタイミング逃した！	早く寝て朝早く食べよ！
encourage: お財布忘れた	今日は奢ってあげよう
encourage: 猫にごはんあげるの忘れた	今すぐ帰ってあげな
encourage: 犯人を逃した	早く見つけて捕まえよう！
encourage: 終電を逃した	サイゼ行こうか
encourage: 見たかったドラマを見逃した	きっとdailymotionにあるよ
encourage: エアコンを消し忘れた	帰ったとき涼しくていいね
encourage: ボールペンを忘れた	貸すよ
encourage: 実験実習費の納入が間に合わなかった	締め切り過ぎてても大丈夫だよ
encourage: 洗濯物を取り込み忘れた	明日でいいよ
encourage: トイレにスマホを忘れた	まだあるといいね
encourage: 終電を逃した	朝まで遊ぼう
encourage: 見たかったドラマを見逃した	配信で見よう
encourage: エアコンを消し忘れた	タイマー付けよう
encourage: 提出忘れた	遅れてもいいから提出しよう
encourage: 連絡するの忘れた	謝罪連絡しよう
encourage: 課題を提出し忘れた	ヤバそうなら先生に相談しよう
encourage: お弁当忘れた	一緒に買いに行こう
encourage: 教科書忘れた	見せてあげる
encourage: ドラマ見逃した	再放送あるといいね
encourage: 欲しかったグッズ売り切れてた	残念だね、、再販待とう
encourage: 部屋の電気消さずに家でちゃった	あるある
encourage: 傘を忘れちゃった	止まないかなぁ
encourage: 美容室の予約時間過ぎてた	連絡すれば大丈夫
encourage: 終電を逃した	上司がタクシー代出してくれるよ
encourage: 見たかったドラマを見逃した	サブスクに上がっているよ
encourage: エアコンを消し忘れた	帰った時に部屋が快適な温度になっているよ
encourage: スマホ忘れた	スマホないときついよねー
encourage: 講義動画見忘れた	1回くらいなら大丈夫だよ
encourage: 予定すっぽかした	後で謝ろう
encourage: ログインし忘れた	忘れちゃうこともあるよね
encourage: 終電を逃した	俺っち泊まっていく？
encourage: 見たかったドラマを見逃した	きっと再放送してくれるよ。
encourage: エアコンを消し忘れた	帰ってすぐでもちょうどいい温度だね
encourage: スマホを忘れた	電気代が浮く
encourage: デート忘れてた	次に挽回しな
encourage: テスト忘れてた	何とかなるさ
encourage: 終電を逃した	そんな日もあるさ
encourage: 見たかったドラマを見逃した	見逃し配信やってるよ！
encourage: エアコンを消し忘れた	電気代が・・・！
encourage: 終電を逃した	今日はお疲れ様でした。
encourage: 見たかったドラマを見逃した	サブスクリプション
encourage: エアコンを消し忘れた	家に帰ったら涼しいね！！
encourage: 課題を提出し忘れた	課題をやったのね！！えらい！！
encourage: 提出し忘れた	今月はゆっくりできるね
encourage: 誕生日プレゼント買い忘れた	気が付くことが大切
encourage: 充電し忘れた	短期集中できるね
encourage: 傘忘れた	その分荷物軽いね
encourage: バイトあること忘れた	社会人だと遅刻は許されないから、今のうちだよ！
encourage: 授業休講のこと知らずに学校来ちゃった	良い運動だ！
encourage: 終電を逃した	タクシーを探そうか？
encourage: 見たかったドラマを見逃した	再放送を待とう
encourage: エアコンを消し忘れた	次回気を付ければいいよ
encourage: 課題を出し忘れた	大丈夫だよ
encourage: 録画忘れた	YouTubeとかで見られるよ
encourage: 家にスマホ忘れた	なくてもなんとかなる
encourage: 伝言を伝え忘れた	伝えに行かなきゃ
encourage: 何をするのか忘れた	よくあることだね
encourage: 電車に乗り遅れた	そんな日もある
encourage: 実験レポートを忘れた	そんな時もあるよ
encourage: 相手の名前を忘れてしまった	よくあるよね
encourage: 話しかけるチャンス逃した	またチャンスあるよ
encourage: 家の鍵忘れた	よくあるね
encourage: テキスト忘れた	そんな日もある
encourage: 終電を逃した	大丈夫？タクシーとかで帰れそう？
encourage: 見たかったドラマを見逃した	それはつらい、見逃し配信さがすの手伝うよ
encourage: エアコンを消し忘れた	どんまい、次から気をつけよ！
encourage: お風呂のボタン押し忘れた	あー！私もたまにやるやつ！
encourage: バスが目の前で行っちゃった	仕方ない、気長に次の待とう！
encourage: 買い忘れしちゃった	忘れないよう今度はメモしよう！
encourage: ゲームのログイン忘れた	それめっちゃ悔しいよね
encourage: （購入の）予約を忘れた	販売日以降に買えることを祈ろう！
encourage: 連絡先きくの忘れた	次会えたらきこう！
encourage: 課題の締め切り忘れてた	やっちゃったね、、
encourage: 終電を逃した	タクシーで帰ろう
encourage: 見たかったドラマを見逃した	誰かが録画してるかもしれないよ
encourage: エアコンを消し忘れた	今日くらい良いよ
encourage: 忘れ物をした	これから取りに行こう
encourage: 振り込み忘れてた	まだ間に合うよ
encourage: 予約忘れてた	今からでも間に合うかもしれないよ
encourage: 終電を逃した	夜のお散歩ができるよ
encourage: 見たかったドラマを見逃した	そんな日もある
encourage: エアコンを消し忘れた	おうちかえっても適度な温度だ
encourage: 物忘れがひどい	たくさんのことをかんがえてるんだね
encourage: 提出ミスをした	次は間違えないね
encourage: ご飯を食べ忘れた	次食べるご飯はおいしいだろうなあ
encourage: 終電を逃した	朝まで一緒に遊ぼ
encourage: 見たかったドラマを見逃した	見逃し配信あるよ
encourage: エアコンを消し忘れた	帰ってきたら部屋暖かいね
encourage: 洗濯物しまい忘れた	雨振らなければ大丈夫
encourage: ドアの鍵をし忘れた	今日は早く帰ろっか
encourage: 課題の締め切り忘れてた	先生にお願いしてみよ
encourage: 賞味期限が切れていた	消費期限が大丈夫なら大丈夫！
encourage: 水溜りに入った	靴に水が染みこむでしょ？あたりまえ体操～
encourage: 鳥のフンがかかった	マジ萎えるよねぇ
encourage: 爆音宣伝トラックが通りかかった	イヤフォンで遮断しましょう
encourage: 満員電車	しんどいよね
encourage: 足踏まれた	なんそいつ
encourage: 予約し忘れた	アポなしでも行けるっしょ？
encourage: 洗濯物干した瞬間雨が降ってきた	タイミング悪しだね
encourage: 高級パンケーキ焦がした	ぴえん越えてぱおん
encourage: 賞味期限が切れていた	まだ食べられるよ
encourage: 水溜りに入った	あとで靴洗おう
encourage: 鳥のフンがかかった	それは最悪だね
encourage: 単位とれなかった	来年頑張ろう
encourage: 彼氏に振られた	もっといい人いるよ
encourage: 仕事で失敗した	失敗を生かそう
encourage: 身内が亡くなった	ご愁傷様です
encourage: 賞味期限が切れていた	新しいお菓子買っちゃいましょう♪
encourage: 水溜りに入った	今日は土砂降りでしたね
encourage: 鳥のフンがかかった	その分今日は他にいいことあるよ！
encourage: 単位落とした	まだ来年があるよ！
encourage: 寝坊して選考受けられなかった	この会社には縁がなかったと思おう
encourage: 満員電車で痴漢された	それ通報した方がいいよ
encourage: 賞味期限が切れていた	あくまでも基準だし食べちゃえ（笑）また買い直せばいいさ！
encourage: 水溜りに入った	やったー。カエルになれたね！私もなりたいよー（笑）
encourage: 鳥のフンがかかった	いい笑い話やん！鳥に選ばれしものしか体験できないラッキーパーソン！
encourage: 喧嘩した	喧嘩するほど仲が良いんだよ！変なプライド捨てて仲直りや！
encourage: 思うようにいかない	人生甘くないんやで！ただ、悪い波は永久じゃないから前向きに頑張るんや！
encourage: フラれた	いやいやいや、恋愛できてるだけええやん（女子社会出身者目線）
encourage: 挫折した	人生諦めも重要。
encourage: 失敗した	過去から学び、今日のために生き、未来に希望をもとう。アインシュタインも言ってるよ
encourage: テスト赤点	知ってた？アインシュタインは物理の成績悪かったんだよ！あれ、ガリレオだっけな？
encourage: 単位落とした	もう一回学べるドン！
encourage: 最悪	ネガティヴ思考な分人生損しているぜ！こんなのどうでもよくなるくらいBigになるんじゃ。
encourage: 終わった	まだ生きてるよね？
encourage: 事故った	逃げる方がヤバいからね？受け入れて反省しよ。
encourage: ついてない	毎日ラッキーだったら面白くなくない？
encourage: 賞味期限が切れていた	消費期限じゃないから、少しくらい過ぎても大丈夫だよ!
encourage: 雨で服が濡れた	わかる！私は、雨の時は濡れても目立たないような服を着ているよ!
encourage: 水溜りに入った	ドンマイ!近いうちにきっといいことあるよ!
encourage: 鳥のフンがかかった	運がついたから逆にラッキー!
encourage: 寝過ごした	私も１時間くらい寝過ごしたことあるから大丈夫！
encourage: 試験範囲間違えてた	次の試験の時に役立つから大丈夫
encourage: 寝坊した	これから寝坊しないように気をつければOK
encourage: 悪夢見た	今日はいい夢見れるよ！
encourage: 大きいクモに遭遇した	クモは益虫だから、出ても気にしなくてOK
encourage: ゴキブリに遭遇した	ゴキジェットで頑張って!
encourage: 嫌いな食べ物が出てきた	あとで、美味しいもの食べれると思って頑張って!
encourage: 自分の失敗を人に笑われた	笑った人は時間が経てば忘れると思うから、気にしないで!
encourage: 上司に八つ当たりされた	そんなに深刻に受け止めずに流して聞けばOK
encourage: 喧嘩した	喧嘩するほど仲がいいっていうことわざもあるから、きっともっと仲良くなれるよ!
encourage: ひったくりにあった	荷物はそのうち戻ってくるよ
encourage: お土産で買ったものが地元でも売っていた	お土産は思い出なんだから、そんなに落ち込まないで！
encourage: 馬が合わない人がいる	そういう人もいるよ、仕方ないよ…
encourage: 課題が終わらなくて徹夜した	頑張った分、より良いものができているよ!
encourage: 賞味期限が切れていた	お腹に気を付けて
encourage: 水溜りに入った	靴下がびしょびしょだ…
encourage: 鳥のフンがかかった	そういう日もある！
encourage: 財布を無くした	交番に行こう
encourage: 入院した	容体は？
encourage: 怒られた	次に活かそう
encourage: 雨に降られた	風邪ひかないように！
encourage: 犬の糞を踏んだ	それは嫌だね、、
encourage: テストで0点とった	次がある！
encourage: 寝坊した	朝起きるのって大変だよね
encourage: 推しが卒業…	それは無理
encourage: 雨に濡れた	うちも
encourage: 充電切れた	充電器貸してあげる
encourage: データ飛んだ	ゴミ箱確認！！！
encourage: 靴汚れた	洗えばいい
encourage: 服に染み付いた	クリーニングだわ
encourage: Gだ	逃げるぞ
encourage: 賞味期限が切れていた	新しいものを買ってこよう
encourage: 水溜りに入った	一旦家に帰ろう
encourage: 鳥のフンがかかった	とりあえずテッシュで拭こう
encourage: お店で頼んだ飲み物がまずかった	店員さんに言ってみよう
encourage: 仮眠しようとしたら4時間寝てた	次の日頑張れば大丈夫
encourage: バスが目の前で行ってしまった	次のバスまで待とう
encourage: 第一志望に落ちた	他の大学でもきっといいことが待ってるはず
encourage: 大事な日に寝坊した	次にこの失敗を繰り返さないように気をつけよう
encourage: 株で大損した	次は逆にいいことあるかもよ
encourage: 賞味期限が切れていた	ついでに他のものも確認してみよ
encourage: 水溜りに入った	濡れちゃった？風引かないようにね
encourage: 鳥のフンがかかった	鳥のふんがつくと運がつくという言い伝えがあるよ！
encourage: 空き巣に入られた	警察に届け出よう
encourage: 飲み物をこぼした	大丈夫？タオルで拭こう
encourage: 賞味期限が切れていた	おなか壊しませんように
encourage: 水溜りに入った	楽しそう！
encourage: 鳥のフンがかかった	いいことあるよ
encourage: 暑い	アイスが美味しい季節！
encourage: 寒い	風邪ひかないように温かくしてね
encourage: 満員電車…	みんなも頑張ってる！
encourage: トイレめっちゃ並んでる	ドンマイ！
encourage: ち踏んだ	運がついてくるよ
encourage: 授業が長かった	長引いた分だけ賢くなった！
encourage: Gに遭遇した	戦闘態勢！
encourage: 赤信号ばっかり！	そんな日もある！
encourage: 自転車とぶつかりそうになった	危ない！
encourage: 今日は1日忙しかった	お疲れ様！ゆっくり休んでね
encourage: 英語の先生めっちゃ当ててきた	why？
encourage: 韓国行きたい	コロナ収まれー
encourage: 蚊に刺された	ムヒ！
encourage: 日焼けした	イメチェン！
encourage: 外食したら行列が…	きっと美味しいんだ！
encourage: 疲れた	お疲れ様^_^
encourage: 周りの音がうるさい	イヤホンで好きな音楽を聴いてみよう
encourage: 事故に遭った	大変！
encourage: 階段辛い	いい運動になるね
encourage: 嫌いな人に会った	人生の主役はあなた！気にしなくて良いよ
encourage: バイト長引いた	給料日の自分が喜ぶ！
encourage: 死にたい…	あなたが死んだら悲しい！
encourage: バイト先の先輩が面倒臭い	聞き流そう
encourage: 先生に怒られた	あなたが悪いとは限らない！
encourage: 猫の手借りたい…	ฅ^• ·̫ •^ฅ 貸そうか？
encourage: 次回が気になる	次までワクワク期間だ！
encourage: 賞味期限が切れていた	1週間以内なら大丈夫！
encourage: 水溜りに入った	水の滴るいい女になったね
encourage: 鳥のフンがかかった	運が付いたんじゃい？
encourage: 彼氏に振られた	見る目無かった次行こう
encourage: 太った	食べる量減らしてみたら？
encourage: 食べ過ぎた	運動すれば大丈夫
encourage: 紙を破った	またコピーすればいいさ
encourage: 今日提出の物があった	今から急いでやろう！
encourage: 専攻はずれた	こっちから願い下げじゃない？
encourage: 貢がせてくれない	元気出して
encourage: 話しを聞いてくれない	顔をこっちに向かせれば？
encourage: 勉強したくない	頑張ったら良いことあるんじゃない？
encourage: 元カレとあった	フッタことを後悔させてやれ
encourage: 変換が上手くいかない	マジうざいな、一回殴ったら？
encourage: 賞味期限が切れていた	こんなにたくさん買わなくてよかったね
encourage: 水溜りに入った	百均で靴下買おうよ
encourage: 鳥のフンがかかった	汚い
encourage: 苦いカクテルを頼んでしまった	鼻つまんで飲むといいよ
encourage: 服に虫がついた	きっしょ
encourage: フードコートで席があいてない	相席でもいい？
encourage: ミニストップの新商品がまずい	最近迷走してるよね
encourage: 賞味期限が切れていた	買ったらすぐ食べよう
encourage: 水溜りに入った	ついてないね
encourage: 鳥のフンがかかった	ついてないね
encourage: 水筒こぼした	早く拭こう
encourage: 応募期間過ぎてた	次の機会にかけよう
encourage: 約束を忘れてた	今すぐ連絡しよう
encourage: スマホを落とした	アプリで探せないかな？
encourage: 受験票を忘れた	それは悲しい
encourage: 不審者に遭遇した	大丈夫だった？
encourage: パソコンのデータが消えた	なんとか復旧できないかな、、、
encourage: 渋滞に引っかかった	なんか楽しいことして時間潰そう
encourage: 自転車盗まれた	最悪じゃん
encourage: ライブに落選した	ドンマイ次あるよ！
encourage: クレーマーがきた	客だからって偉そうだよね
encourage: 飛行機乗り遅れた	仕方ないからリカバリしていこう
encourage: 部屋にゴキブリが出た	終わりだ、、
encourage: 財布を落とした	警察に届け出だそう
encourage: 賞味期限が切れていた	1,2日なら大丈夫だよ
encourage: 水溜りに入った	足元大丈夫？
encourage: 鳥のフンがかかった	アンラッキーだったね
encourage: 冷蔵庫のプリン食べられた	また買ってこよう
encourage: チケット取れなかった	次とれるよ
encourage: 抽選外れた	次は当たるよ
encourage: 保存されてなかった	次やるときはバックアップとっておこう
encourage: クレームが来た	クレーム対応お疲れ様です
encourage: 友達と服かぶった	流行りなんだよ
encourage: 音漏れしてた	そういうときもあるさ
encourage: ミュートし忘れた	ドンマイ
encourage: 賞味期限が切れていた	まだ食べれるよ
encourage: 水溜りに入った	泥が落ちたね
encourage: 鳥のフンがかかった	次からいいことあるよ
encourage: テスト落ちた	次がんばれ
encourage: 浮気された	し返せ
encourage: 賞味期限が切れていた	賞味期限はあってないようなものだよ
encourage: 水溜りに入った	良く回り見て歩かないと！
encourage: 鳥のフンがかかった	最悪だね・・・帰ってすぐにお風呂入りな～
encourage: 賞味期限が切れていた	賞味期限だから大丈夫
encourage: 水溜りに入った	冷たいよね！
encourage: 鳥のフンがかかった	洗うチャンスだね！！
encourage: インターン落ちた	応募しただけえらい
encourage: 電車が遅延してる	忍耐力つくね
encourage: 保存し忘れていた	タイピング力上がるね
encourage: 馬鹿にされた	馬鹿にされるだけ愛嬌がある
encourage: メール違う人に送っちゃった	その人と話す機会ができたね！
encourage: 賞味期限が切れていた	次は気を付けよう
encourage: 水溜りに入った	びっくりするよね
encourage: 鳥のフンがかかった	おつかれさま
encourage: スマホが割れた	買い替えの時期かも
encourage: 水溜りに入った	着替えよう
encourage: 満員電車に乗ってしまった	しょうがないよ
encourage: バック忘れた	よくあるよね
encourage: 前髪を切りすぎた	しょうがないよ
encourage: 電車に傘を忘れた	しょうがないよ
encourage: にわか雨にあった	風邪ひかないようにね
encourage: コップを落としてしまった	新しいものを買おう
encourage: ゴミ箱をひっくり返した	だるいね
encourage: 遠くの人の足元まで消しゴムが転がった	後で取りに行こう…
encourage: テストでケアレスミスをした	しょうがないよ
encourage: 賞味期限が切れていた	あるある、気づけば期限過ぎてるんだよね…
encourage: 水溜りに入った	どんまい
encourage: 鳥のフンがかかった	嫌だよね、私も昔かけられたわ…
encourage: お風呂の栓が外れてた	それめっちゃショックなやつ…
encourage: データが吹っ飛んだ	それは辛すぎる、次はバックアップしとこう…
encourage: 花粉症がひどい	とりあえず薬を飲んで、掃除して部屋から花粉を排除しよう
encourage: スマホの画面が割れた	ちゃんと修理できるといいね…
encourage: オンラインでマイクがonになってた	とりあえず下手なこと話してなければセーフ!!
encourage: ゲーム機が壊れた	それは最悪だね、データとか大丈夫？？
encourage: 家電が壊れた	買い替え時だったんだよきっと…
encourage: イライラする	ストレス発散しよう！！
encourage: 賞味期限が切れていた	消費期限じゃないしまだ食べれるよ
encourage: 水溜りに入った	わー冷たそう…
encourage: 鳥のフンがかかった	鳥のバカー
encourage: 転んだ	大丈夫？
encourage: 振られた	違う人がきっと現れるよ
encourage: お金全部使っちゃった	また稼げば良いよ
encourage: 恥ずかしいところを見られた	その人の記憶なくなれば良いのにね
encourage: 賞味期限が切れていた	消費期限じゃなかったらまだ食べられるよ
encourage: 水溜りに入った	乾けば元通りだから気にする必要ない
encourage: 鳥のフンがかかった	逆に言えば運がいいということ
encourage: 忘れ物をした	一個くらいなくても大丈夫
encourage: ケータイの画面を割った	ケガしないように気を付けてね
encourage: 友達と喧嘩した	仲直り出来たらもっと仲が良くなるよ
encourage: 親と喧嘩した	そんなときもある
encourage: 賞味期限が切れていた	たぶん大丈夫
encourage: 水溜りに入った	それはどんまい
encourage: 鳥のフンがかかった	それもどんまい
encourage: 課題が難しすぎる	難しすぎるって先生に言っちゃお
encourage: 急に雨が降ってきた	それはつらい
encourage: ホンの充電がない	イヤホン買っちゃお
encourage: 寝坊した	そういう日もある
encourage: 蚊に刺された	かゆみ止めあるよ
encourage: 頭が痛い	大丈夫？？
encourage: 靴擦れした	痛いやつやん(T-T)
encourage: 風邪かも	はよ寝！！
encourage: タンスの角に足の小指をぶつけた	痛いやつやぁ
encourage: 画面を見すぎて目疲れた	ホットアイマスク使いや
encourage: 頭痛が痛い	頭痛が痛いってっ！あんた…
encourage: ナルシスト	一番冷めるやつやん！
encourage: ノンスタ井上	(-_-;)
encourage: 狩野英孝	…
encourage: 靴擦れした	絆創膏どうぞ
encourage: 風邪かも	薬飲んで休んでね
encourage: タンスの角に足の小指をぶつけた	痛そう
encourage: 画面を見すぎて目疲れた	目薬あるよ
encourage: 体が痛い	整体行こう
encourage: 骨折した	大丈夫？
encourage: 歯が痛い	歯医者行こう
encourage: お腹痛い	トイレ行こう
encourage: 靴擦れした	絆創膏ありますよ！
encourage: 風邪かも	ゆっくり休んでください
encourage: タンスの角に足の小指をぶつけた	それは地味にすごく痛いやつ
encourage: 画面を見すぎて目疲れた	今日は早く寝るといいよ
encourage: お腹痛い	トイレいく？
encourage: 舌噛んだ	うわ！それ痛いよね！
encourage: 赤切れで手が痛い	保湿保湿！
encourage: 靴擦れした	元靴屋店員目線で言わせていただきますが新品じゃ日常茶飯事なので気になるようでしたら中敷をおすすめしますよ？
encourage: 風邪かも	サボりチャンス到来！いつも頑張っているご褒美だね！
encourage: 角に足の小指をぶつけた	角が君を愛しているそうだ。
encourage: 画面を見すぎて目疲れた	タオルを濡らし、電子レンジで温め、アイマスクにするのをおすすめします！Easy!
encourage: 怪我した	なってしまったものはしょうがない。お大事に。
encourage: 腹痛	さっさとEVE飲もう！
encourage: 痛い	痛いの痛いの飛んでけー！どう？治った？
encourage: 靴擦れした	新しい靴だからじゃない？そのうち靴擦れしなくなると思うよ!
encourage: 風邪かも	頑張りすぎなんじゃない?ゆっくり休んでね
encourage: タンスの角に足の小指をぶつけた	わかる！それ、痛いよね〜
encourage: 画面を見すぎて目疲れた	お疲れ!明日はゆっくり休んでね!
encourage: 虫歯ができた	治療が終わったら、美味しいもの食べに行こう!
encourage: 頭が痛い	パソコンの見過ぎなんじゃない?落ち着いたら休んでね
encourage: お腹が痛い	私もよく痛くなるけど、横になってじっとしてれば治るよ!
encourage: 肩が痛い	サロンパス貼ると、すぐに治るよ!
encourage: 耳が痛い	イヤホンのしすぎかも、ヘッドフォンにして耳の負担を減らしたほうがいいと思うよ!
encourage: 腰が痛い	勉強のしすぎなんじゃない?ストレッチしてみて〜
encourage: 階段で転んだ	七転び八起きっていう言葉もあるから転んでも起き上がって頑張ろう!
encourage: 筋肉痛で足が痛い	ストレッチして、ゆっくり休んでね!
encourage: 乗り物酔いをした	薬を飲んでゆっくり休んでね！
encourage: 紙で指を切ってしまった	それ痛いよね、でも時間が経てば治るよ！
encourage: 靴擦れした	絆創膏をはろう
encourage: 風邪かも	薬を飲んで
encourage: タンスの角に足の小指をぶつけた	それは痛い…
encourage: 画面を見すぎて目疲れた	あんまり酷使しないように…
encourage: お腹が痛い	薬を飲もう
encourage: 悪寒がする	あったかくして寝よう
encourage: ささくれができた	保湿しよう
encourage: ニキビが痛い	バランスよく食べよう
encourage: 転んだ	大丈夫？
encourage: 低気圧のせいで頭が痛い	今日はゆっくりしよう
encourage: 目が腫れた	安静にしよ
encourage: 肩凝った	わかる
encourage: 風邪ひいた	大丈夫？
encourage: 花粉無理	それな
encourage: お腹痛い…	トイレ行く？
encourage: 筋肉痛	明日には治るよ
encourage: 予防接種痛い	仕方ない
encourage: インフルエンザ辛い	お大事に
encourage: 目が痛い	休めな
encourage: 靴擦れした	新しい靴を買おう
encourage: 風邪かも	一旦ぐっすり寝よう
encourage: タンスの角に足の小指をぶつけた	湿布を貼っておこう
encourage: 画面を見すぎて目疲れた	一旦目を閉じよう
encourage: みんな見てるところで1人でこけた	そんな時もある、次はいいことあるよ”
encourage: 10分のタイマーを10時間でセットした	はははっは！
encourage: 寝ながらスマホ見てたら顔の上に落ちてきた	一旦病院に行ってみよう
encourage: 犬に噛まれた	病院に行ってみよう
encourage: 靴擦れした	痛いよね、、大丈夫？絆創膏貼ってね
encourage: 風邪かも	大丈夫？休めるときにしっかり休んでね
encourage: タンスの角に足の小指をぶつけた	痛そう、、気をつけて
encourage: 画面を見すぎて目疲れた	外見てゆっくりしよ
encourage: 筋肉痛だ	頑張った証拠だね、ゆっくり休んで
encourage: 頭が痛い	大丈夫？ゆっくり休んでね
encourage: 口内炎痛い	痛いよね…
encourage: ニキビできた	バランスの良い食事を
encourage: 筋肉痛…	ムキムキになる💪
encourage: 喉痛い	悪化しないようにゆっくり休んで！
encourage: 目にゴミ入った	洗い流してー
encourage: 小指ぶつけた	痛いの痛いの飛んでいけ〜
encourage: 膝が痛い	無理しないで〜
encourage: 火傷した	すぐに冷やして！
encourage: 虫歯が痛い	早く歯医者へ！
encourage: 叩かれた	暴力反対！
encourage: 花粉症	薬飲んだ？
encourage: 熱が出た	温かくして寝てね
encourage: 紙で指切った	痛っ…お大事に
encourage: 靴擦れした	カットバン買って休もうか
encourage: 風邪かも	ゆっくり休んで治そう
encourage: タンスの角に足の小指をぶつけた	一旦深呼吸しよ！
encourage: 画面を見すぎて目疲れた	ブレイクタイムにしよう
encourage: 疲れて心が痛い	まずは、遊ぼう！
encourage: ハブられた	私がいるよ！
encourage: 歯が痛い	歯医行こう！
encourage: 靴擦れした	ばんそうこうあるよ
encourage: 風邪かも	お大事に
encourage: タンスの角に足の小指をぶつけた	痛いの痛いの飛んでけする？
encourage: 画面を見すぎて目疲れた	休もっか
encourage: 捻挫した	ちゃんとストレッチしないからだよ。言わんこっちゃない
encourage: 唐辛子が辛すぎる	チーズ入れるといいよ
encourage: 縁石につまずいた	いたたた
encourage: ピアス穴が膿んだ	お薬塗るといいよ
encourage: 靴擦れした	ばんそうこうはろう
encourage: 風邪かも	早めに休もう
encourage: タンスの角に足の小指をぶつけた	めっちゃ痛そう
encourage: 画面を見すぎて目疲れた	温めて休もう
encourage: 虫歯になった	歯医者に行こう
encourage: 転んだ	気を付けよう
encourage: 事故にあった	命があってよかったね
encourage: 火傷した	痕残らないといいね
encourage: 頭が痛い	バファリン飲んで
encourage: 転んだ	ケガない？
encourage: 肩が凝った	作業お疲れ様
encourage: 虫歯になった	歯医者行こう
encourage: ワクチンの副反応が辛い	すぐ治るから頑張って
encourage: 足がつった	痛いよね
encourage: お腹が痛い	家でゆっくりしてね
encourage: 二日酔いが辛い	たくさん飲んだんだね、、
encourage: 口内炎が痛い	ビタミンC摂って！
encourage: 紙で指を切った	地味に痛い
encourage: 靴擦れした	それは痛いね…
encourage: タンスの角に足の小指をぶつけた	それは災難だったね
encourage: 紙で指切った	絆創膏あげようか？
encourage: 料理してたら指切った	絆創膏あげようか？
encourage: 肘をぶつけた	肘ぶつけるとジンジンするよね
encourage: 転んだ	それは痛かったね…
encourage: お腹が痛い	大丈夫？ゆっくり休んで
encourage: 頭が痛い	大丈夫？ゆっくり休んで
encourage: 腰が痛い	大丈夫？ゆっくり休んで
encourage: 靴擦れした	絆創膏貸してあげる
encourage: 風邪かも	ゆっくり休んでね
encourage: タンスの角に足の小指をぶつけた	俺も昨日ぶつけた笑
encourage: 画面を見すぎて目疲れた	ゆっくり寝てね
encourage: 骨折した	お大事に
encourage: ワクチンの副作用	次の日には治るよ
encourage: 筋肉痛	よく動いた証拠だ
encourage: 転んだ	痛いの痛いのとんでいけ～☆
encourage: 靴擦れした	私もよく靴擦れするんだ、痛いよね
encourage: 風邪かも	辛かったら休みな！
encourage: タンスの角に足の小指をぶつけた	それは痛すぎる！お大事に
encourage: 画面を見すぎて目疲れた	眼精疲労だね、お疲れ様
encourage: 靴擦れした	頑張って歩いたね
encourage: 風邪かも	体温測って
encourage: タンスの角に足の小指をぶつけた	痛いよね。。。私もよくやる
encourage: 画面を見すぎて目疲れた	お疲れ様！！
encourage: 猫に引っかかれた	友達の証
encourage: 階段から落ちた	前しか向いてないってことだね！！
encourage: 紙で切ってしまった	痛いよね。。。私もよくやる
encourage: Twitterでポエム書く人痛い	地味にそのポエム響いたりするよね
encourage: 虫歯ができた	歯医者に行くいい機会だ
encourage: 靴擦れした	お大事に
encourage: 風邪かも	お大事に
encourage: タンスの角に足の小指をぶつけた	お大事に
encourage: 画面を見すぎて目疲れた	蒸しタオルがいいらしいよ
encourage: 靴擦れした	絆創膏いる？
encourage: 風邪かも	ゆっくり休んで
encourage: 乾燥して手が痛い	ハンドクリーム塗らないとね
encourage: タンスの角に足の小指をぶつけた	微妙に痛いやつ
encourage: 画面を見すぎて目疲れた	目薬さしなー
encourage: 偏頭痛がする	無理しないでね
encourage: 紙で手を切った	痛いよね
encourage: 喉が痛い	のど飴食べる？
encourage: 日焼けした	それは痛い
encourage: 靴擦れした	痛いよね、絆創膏持ってる？
encourage: 風邪かも	大丈夫？あったかくして寝てね
encourage: タンスの角に足の小指をぶつけた	それは痛い…お大事に
encourage: 画面を見すぎて目疲れた	私もよくやるよ、とりあえず目を休めよう！
encourage: 階段で転んだ	大丈夫！？ちゃんと手当してね
encourage: お腹が痛い	とりあえずお腹を温めよう！
encourage: 頭が痛い	寝れるなら寝たほうがいいかも…薬はある？
encourage: 肩が痛い	大丈夫？湿布とかある？
encourage: 腰が痛い	大丈夫？重いものとか持たないようにね！
encourage: 寝違えちゃった	痛いよね、まずは安静にして様子をみよう
encourage: 舌嚙んだ	きいてるだけで痛い!!
encourage: 口内炎ができた	なるべくしみないものを食べよう…
encourage: 靴擦れした	痛いよね絆創膏あげる
encourage: 風邪かも	たくさん休んでね
encourage: タンスの角に足の小指をぶつけた	一番痛いやつだ〜
encourage: 画面を見すぎて目疲れた	目温めて寝よう
encourage: 車にぶつかられた	整骨院か病院通えばお金もらえるよ
encourage: 口内炎だ	ビタミン剤飲んだら治るよ
encourage: 指挟んだ	痛いねどこに挟んだの？
encourage: 火傷した	冷やそう
encourage: 靴擦れした	絆創膏を貼ると痛みが軽減するよ
encourage: 風邪かも	あったかくしてねよう
encourage: タンスの角に足の小指をぶつけた	きっといいことがあるよ
encourage: 画面を見すぎて目疲れた	寝て起きたらすっきりするよ
encourage: 滑って転んだ	トークではもうすべらないかも
encourage: 包丁で切ってしまった	痛いねぇ
encourage: 靴擦れした	絆創膏あるよ
encourage: 風邪かも	たくさん寝な
encourage: タンスの角に足の小指をぶつけた	それは痛いやつ
encourage: 画面を見すぎて目疲れた	早く寝な
encourage: 転んだ	足もと気をつけて
encourage: 目にまつげが入った	鏡あるよ
encourage: ニキビできた	皮膚科行こ
encourage: 外食した後に財布がないことに気付いた	荷物を置いて家に財布を取りに行きましょう。
encourage: スマホを無くした	えっ？！やばいやん・・・
encourage: スマホの充電が切れた	充電器貸そうか？
encourage: 改札でお金がないことに気づいた	千円貸すよ
encourage: レンジがなくて困った	大切な物だから是非買って欲しいな～
encourage: 電車が止まった	〇〇線なら迂回して行けるよ
encourage: トイレが混雑していた	女子はねぇ…
encourage: 私服で会場に行ったら皆スーツだった	笑笑
encourage: 部屋中がニンニクくさい	何食べたん？？
encourage: スマホを無くした	きっと見つかるよ
encourage: スマホの充電が切れた	コンセントを貸してくれるお店に行こう！
encourage: 改札でお金がないことに気づいた	近くのATMにいこう
encourage: 家の鍵をなくした	あれま
encourage: お金がない	働こう
encourage: 寝ているとき以外眠い	生活リズムを整えよう
encourage: 天気が悪くて洗濯物がたまる	コインランドリーいいよ
encourage: スマホ使えない	スマホ使えない時も意外と楽しいよ？
encourage: 最近寝ても寝ても眠い	寝れるだけ寝るんだ！
encourage: 改札でお金がないことに気づいた	次からは多めに持っておこう！
encourage: 部屋汚い	片付けよう！
encourage: 財布無くした	クレカ止めな！
encourage: 服ない	一緒に買いにいこ〜
encourage: ガチャガチャで同じのが3回も出た	メルカリで売れるよ！
encourage: 課題が終わらない	次からは計画的にやろう！
encourage: スマホを無くした	実はGoogleアカウントあれば位置特定できるの知ってた？
encourage: スマホの充電が切れた	そんなちっぽけな事で悩めるの！？コンビニで携帯充電器購入か、カフェで充電すれば良いのでは？
encourage: お金がないことに気づいた	「空っぽの財布が現れた！」 ▷おろす ▷借りる ▷引き返す ▷電話する
encourage: 内定もらえない	そんじゃ、私と開業しない？（笑）解決策はいくらでもあるさ！
encourage: パニック	まずは落ち着いて深呼吸。
encourage: どうしよう	基本何とかなるから、とりま落ち着け？
encourage: 困った	問題解決は原因を分析することが一番やで！よく考えて次に行動しよう。
encourage: ヤバい	大丈夫だから冷静にな。
encourage: ピンチ	今助ける！ヘリを待つんだ！
encourage: スマホを無くした	きっとすぐに戻ってくるよ!
encourage: スマホの充電が切れた	大丈夫！なんとかなる！
encourage: 改札でお金がないことに気づいた	家までをもう１往復したらいい運動になるよ!
encourage: 今日はよくミスをする	そんな日もあるよ!
encourage: 道に迷った	どこかわからなくても、歩き続ければいつかは着くよ!
encourage: 授業ノートをなくして勉強ができない	私のでよければ貸すからそんなに落ち込まないで!
encourage: パソコンのデータが全部消えた	次からバックアップを取るようにすればOK
encourage: 気軽に相談できる相手がいない環境にいる	私も春はそういう環境になることもあったけれども、そういう時は自分から積極的に話しかけてみたら仲いい人も見つかったよ!
encourage: スマホを無くした	交番に行こう
encourage: スマホの充電が切れた	モバイルバッテリーを借りよう
encourage: 改札でお金がないことに気づいた	しまった！
encourage: 卵が一つもない	買いに行こう
encourage: 明日の着替えがない	急いで選択しよう
encourage: 家計簿の計算が合わない	おかしいな
encourage: 満員電車で乗れない	頑張って！
encourage: 迷子になった	近くの人に道聞いたら何とかなる！
encourage: パスモがなくなった	見つかるといいね
encourage: 外国語で道を聞かれた	ジェスチャーで何とかしてみよう
encourage: 道がわからない	地図見よ
encourage: リモコンがない	探そう
encourage: これ分かんない	教えてあげるよ
encourage: これ食べられない	食べてあげるよ
encourage: 眠い	寝な
encourage: お金ない	貸そうか？
encourage: お腹すいた	チョコあげる
encourage: 推しが尊すぎる	それなー
encourage: スマホを無くした	スマホにもGPSをつけるようにしよう
encourage: スマホの充電が切れた	レンタルモバイルバッテリーを使用
encourage: 改札でお金がないことに気づいた	駅員さんにお金借りよう
encourage: 友達に似てたから話しかけたら全く知らない人だった	そのひととも友達になろう
encourage: 髪の毛染めたら変な色にされた	その美容院には2度と行かないようにしよう
encourage: パーマかけたけど全然かからなかった	その美容院には2度と行かないようにしよう
encourage: 勉強するときにペンを忘れた	隣に座っている人に借りよう
encourage: スマホを無くした	大丈夫見つかるよ！
encourage: スマホの充電が切れた	充電してこよ！
encourage: 改札でお金がないことに気づいた	大変だったね、、
encourage: スマホを無くした	電話してみよう
encourage: スマホの充電が切れた	バッテリーは？
encourage: 改札でお金がないことに気づいた	あるよね～
encourage: 急に雨が降ってきた	雨宿りしよう
encourage: 眠い	お昼寝する？
encourage: 制限きた通信制限ー	Wi-Fi活用！
encourage: 暖房暑すぎた	温度を下げよう
encourage: 寝なきゃいけないのに寝れない	ホットミルク飲むと良いよー
encourage: 蜂に追いかけられた	焦らず身を低くしてゆっくり移動！
encourage: 課題あるけどドラマの続き見たい	ちょっとだけ見ちゃう？
encourage: 電車遅れてる	ゆっくりでも明日はくる〜♪
encourage: 電車止まった	ここらで休憩
encourage: 電車に乗り間違えた	新しい旅の始まり！
encourage: 荷物が重い	頑張れ！
encourage: 迷惑メール	無視無視！
encourage: 酔っ払いに絡まれた	上手くかわそう
encourage: 雨なのにバイトある…	頑張って✧＼ ٩(•́ι_•̀ )و ／✧
encourage: 渋滞…	みんなでゲームでもしながらゆっくり行こう！
encourage: スマホを無くした	取り敢えず、携帯会社に問い合わせよう
encourage: スマホの充電が切れた	充電スポットに行こう！
encourage: 改札でお金がないことに気づいた	貸してあげようか？
encourage: お金が無い	一緒にバイトしよう！
encourage: 財布を無くした	警察に相談しに行こう
encourage: お風呂が壊れた	銭湯に入りに行こう
encourage: スマホを無くした	なんとかなるんじゃない？
encourage: スマホの充電が切れた	充電できるとこあるかな？
encourage: 改札でお金がないことに気づいた	ドンマイ
encourage: 先生の声が小さくて聞こえない	この授業捨てようよ
encourage: 椅子の高さが合わない	こっちと交換すれば？
encourage: 充電コードを忘れた	貸すよ
encourage: JCBが使えなかった	そんなお店願い下げだわ
encourage: スマホを無くした	落とし物センターに行ってみよう
encourage: スマホの充電が切れた	バッテリー買いに行こう
encourage: 改札でお金がないことに気づいた	急いで取りに帰ろう
encourage: 課題がわからない	友達に相談しよう
encourage: パソコンが壊れた	直し方調べよう
encourage: 混雑に巻き込まれた	時間をずらそう
encourage: 課題が終わらない	踏ん張りどころだ〜
encourage: 雨で洗濯ができない	晴れないかね
encourage: 部屋に虫がいる	怖すぎ
encourage: 道に迷った	ググって
encourage: 自転車がパンクした	徒歩帰宅？
encourage: 親戚の話が長い	大変だよね〜
encourage: 家の鍵忘れちゃった	誰か帰ってくるまで時間潰しに行こ
encourage: 車に煽られた	落ち着いて離れよう
encourage: 電車が遅延してる	電車来るまで話付き合うよ
encourage: 視力が下がった	画面とか見る時間多いもんね
encourage: 待ち合わせ時間間違えてた	相手に連絡しよう
encourage: 友達とはぐれた	探せ探せ
encourage: スマホを無くした	電話かけてみる？
encourage: スマホの充電が切れた	充電器貸そうか？
encourage: 改札でお金がないことに気づいた	お金貸そうか？
encourage: 筆箱忘れた	ペン貸そうか？
encourage: テキスト忘れた	テキスト見せてあげるよ
encourage: 提出の課題持ってくるの忘れた	次回忘れないようにしよう
encourage: 鍵をなくした	一緒に探そうか
encourage: 課題が分からない	一緒に考えよう
encourage: サークルの部員が来ない	連絡してみようか
encourage: スマホを無くした	電話してあげようか？
encourage: スマホの充電が切れた	バッテリー貸すよ
encourage: 改札でお金がないことに気づいた	利子付きで貸してあげるよ
encourage: 寝坊した	急げ！！
encourage: 雨が降ってきた	傘入れあげる
encourage: スマホを無くした	一緒に探すよ！
encourage: スマホの充電が切れた	充電器貸そうか？
encourage: 改札でお金がないことに気づいた	サザエさんみたいだね
encourage: スマホを無くした	パスワードかけてるから少しは安心だね
encourage: スマホの充電が切れた	勉強に集中できるね
encourage: 改札でお金がないことに気づいた	電子決済に切り替えるタイミングだ
encourage: 嫌いなシフト被った	コミュ力上げるチャンス！
encourage: パンクした	腕力鍛えられるね
encourage: 迎えに誰も来てくれない	待ちぼうけの練習だ
encourage: よく怒られてしまう	それだけ期待されてるってことだね
encourage: コンタクトなくした	裸眼の世界を楽しもう！
encourage: スマホを無くした	鳴らしてみる？
encourage: スマホの充電が切れた	充電スペースを探す？
encourage: 改札でお金がないことに気づいた	そういう時もあるよ
encourage: スマホを無くした	探すしかないなあ
encourage: スマホの充電が切れた	それは辛い
encourage: 電車で貧血になった	一回降りよう
encourage: 荷物が重すぎて運べない	手伝うよ
encourage: 寝坊した	しょうがないよ
encourage: コンタクトを落として何も見えない	頑張って
encourage: お店が閉まってる	そんな時もあるよ
encourage: スマホが繋がらない	気をつけてね
encourage: 改札でお金がないことに気づいた	辛いなあ
encourage: 渋滞で進めない	たまにあるよね
encourage: 道に迷った	頑張って
encourage: 電車が止まって帰れない	どうにか頑張れ
encourage: 大事な書類が破れた	どうしよう
encourage: 課題が終わらない	一緒に頑張ろう
encourage: スマホを無くした	えええ！？とりあえず近くの交番行こう！
encourage: スマホの充電が切れた	近くに充電できる場所とかあるかも！
encourage: 改札でお金がないことに気づいた	ドンマイ…
encourage: 眼鏡をなくした	もう一回落ち着いて探そう！
encourage: 着る服がない	とりあえずあるもので考えよう！
encourage: スマホを無くした	スマホなら探せてすぐ見つかりそうだね
encourage: スマホの充電が切れた	誰かに充電貸してもらおう
encourage: 改札でお金がないことに気づいた	お母さん呼ぼう
encourage: 切符を無くしちゃった	駅員さんに言えば大丈夫だよ
encourage: 食べられないものがある	それだけ残そう
encourage: 今日の服可愛くない	いつも通り可愛いよ
encourage: 集合時間がわからない	聞いてみよう
encourage: スマホを無くした	きっといい人が交番に届けてくれているよ
encourage: スマホの充電が切れた	そんな日もあるよ
encourage: 改札でお金がないことに気づいた	歩いていけばお金が浮くよ
encourage: 道に迷った	いろんなところにお散歩いけるよ
encourage: 買い物で一個買い忘れた	家にあるもので試行錯誤してみよう
encourage: お金が少し足りない	お金が浮いたよ！
encourage: ゲームをぶっちしてしまった	どんまい…もっといい結果にできるよ
encourage: スマホを無くした	一緒に探そ
encourage: スマホの充電が切れた	充電器買お
encourage: 改札でお金がないことに気づいた	貸してあげよう
encourage: 財布を忘れた	貸してあげよう
encourage: お金が全然ない	それは頑張れ
encourage: 志望動機が特にない	わかる
encourage: 課題の提出日まで課題をやる日がない	徹夜だ！！
encourage: 転んでズボンが破けた	ええええええぇ！？どんな状況？？！
encourage: ミートソースをこぼした	うわぁ～痕残らなかった？？
encourage: 逆向きの電車に乗った	あらまっ！
encourage: 前髪を切りすぎた	三戸なつめちゃんだね！
encourage: 砂糖と塩を間違えた	ハハハハハハ笑
encourage: 彼女の名前を呼び間違えた	やらかしたな
encourage: 人の名前を忘れた	仕方ない
encourage: 食パンかじって出かけたら角で人とぶつかった	漫画家よ！！！
encourage: 先輩に対し「OK」と返事してしまった	それだけ疲れていたんだよ仲がいいって
encourage: ミートソースをこぼした	すぐに洗えば大丈夫
encourage: 逆向きの電車に乗った	早めに気づいてよかった
encourage: 前髪を切りすぎた	それもいい感じ
encourage: 砂糖と塩を間違えた	まずい
encourage: 旅行の日にちを間違えた	急いで準備しよう
encourage: 自転車で転んだ	大きなけががなくてよかった
encourage: 料理を作りすぎた	たくさん食べられるね＾＾
encourage: ミートソースをこぼした	大丈夫！洗濯したら落ちるよ！
encourage: 逆向きの電車に乗った	急いでるとそんなこともある！
encourage: 前髪を切りすぎた	え、まじでにあってるよ！？
encourage: 砂糖と塩を間違えた	高野豆腐は失敗からできた食べ物らしいからおけ！
encourage: バイトでお客さんに水かけた	謝ったら許してくれるよ！
encourage: シフト入ってないのにバイト行っちゃった	そんな日もあるよ！
encourage: ミートソースをこぼした	うわああああああ！お気に入りの洋服があ！（こぼしたら言ってみたい）クリーニングへ行きましょー
encourage: 逆向きの電車に乗った	みんな人生に一度は経験する行事だから！電車が多いのがいけないと思う。
encourage: 前髪を切りすぎた	伸びる伸びる！次切るまでの期間が伸びでLucky!
encourage: 砂糖と塩を間違えた	すき焼き作るときに父が間違えたけど何とか食べれたよ。味は保証しないけど（笑）
encourage: バイトミスった	所詮バイトなんだからそこまで気にせんでええ。
encourage: バカ丸出し	バカの方が楽しいよ！
encourage: やらかした	君が思っているより、他人は何とも思わないぜ？気にせず挽回が大切。
encourage: ミートソースをこぼした	すぐに洗えば、落ちるよ!
encourage: 逆向きの電車に乗った	遅刻していないなら大丈夫だよ!
encourage: 前髪を切りすぎた	すぐに伸びるよ!
encourage: 砂糖と塩を間違えた	両方とも食べ物だから少しくらい間違えても大丈夫!
encourage: 買うものを間違えた	届いてすぐなら返品できるから大丈夫だよ!
encourage: ティッシュが洗濯物の中に入っていて悲惨なことになった	私もよくやっちゃう…でも洗濯カゴに入れる前にポケットの中を確認する習慣をつけたら減ったよ！
encourage: お皿を割ってしまった	怪我がなくてよかった！手袋とかで滑らないように気をつけよう!
encourage: シャンプーとリンスを間違えて何回も洗ってしまった	より清潔になったと思おう！
encourage: ミートソースをこぼした	うっかりミス！
encourage: 逆向きの電車に乗った	急いでたんだね
encourage: 前髪を切りすぎた	自分で切ったのかな
encourage: 砂糖と塩を間違えた	味が気になる…
encourage: 転んだ	痛い！
encourage: 誤送信をしてしまった	一日以内なら送信取り消しできるよ
encourage: 納期を間違えた	それは大変…
encourage: 派手に転んだ	そういうこともあるよね
encourage: 人の名前呼び間違えた	次から気を付けよう
encourage: 乗る電車間違えた	間に合えば大丈夫！
encourage: こけた	誰も覚えてないよ
encourage: 教科書忘れた	貸してあげよう
encourage: 財布落とした	交番行こ
encourage: 服汚した	洗ってきな
encourage: 宿題家だ…	ドンマイ
encourage: 服逆だった	まじか、気づかなかった
encourage: 半袖は寒すぎた	早くカフェ行こ
encourage: ミートソースをこぼした	洗おう
encourage: 逆向きの電車に乗った	もう一回逆向きに乗ろう！
encourage: 前髪を切りすぎた	坊主にしちゃおう！
encourage: 砂糖と塩を間違えた	作るものを変えればいい！
encourage: 漢字の変換を間違えた	直せばいいだけ！
encourage: 友達の名前を言い間違えた	間違えた！って言ってみよう
encourage: 裏垢とサブ垢間違えた	すぐに消そう
encourage: 靴下が左右で違った	新しい靴下買っちゃお！
encourage: 注文を言い間違えた	言い直せば大丈夫！
encourage: 画面オフだと思っていたらオンになっていた	一旦何もなかったかのように退出しよう
encourage: ミュートし忘れて悪口言っちゃった	一旦何もなかったかのように退出しよう
encourage: ミートソースをこぼした	洗えば落ちる！
encourage: 逆向きの電車に乗った	そういうこともあるよね
encourage: 前髪を切りすぎた	前髪はすぐ伸びるよ
encourage: 砂糖と塩を間違えた	たまにはそういう事もある
encourage: ミートソースをこぼした	ドンマイ
encourage: 前髪を切りすぎた	おしゃれさん
encourage: 砂糖と塩間違えた…	意外と美味しいかも！
encourage: バナナですべった	そんなバナナ🍌
encourage: 寝坊した	なんとかなるなる〜！
encourage: 人とぶつかった	運命の相手かも⁉️
encourage: 転んだ	大丈夫？怪我はない？
encourage: ミートソースをこぼした	すぐに洗えば大丈夫さ
encourage: 逆向きの電車に乗った	すぐに気が付いて良かったじゃん！乗り換えよ！
encourage: 前髪を切りすぎた	それも似合ってるよ！気になるなら前髪上げれば？
encourage: 砂糖と塩を間違えた	そういう事もあるさ
encourage: 電車を間違えた	慌てないで確認しよう！
encourage: 遅刻しそう	ゆっくりおいで
encourage: 人の名前間違えた	もう一度教えてもらいな
encourage: ミートソースをこぼした	すぐ洗ってきなよ！
encourage: 逆向きの電車に乗った	待ってるねー
encourage: 前髪を切りすぎた	似合ってるよ
encourage: 砂糖と塩を間違えた	やめて
encourage: 自転車を倒した	直しとくよ
encourage: テストの裏に気が付かなかった	表は全部解けたの？
encourage: ジュースをこぼした	ティッシュあるよ
encourage: ミートソースをこぼした	早く洗おう
encourage: 逆向きの電車に乗った	次乗り換えよう
encourage: 前髪を切りすぎた	似合ってるよ
encourage: 砂糖と塩を間違えた	次気を付けよう
encourage: 財布忘れた	友達に借りよう
encourage: 鍵忘れた	忘れないように玄関に置こう
encourage: ペン忘れた	スマホかパソコンでメモしよう
encourage: 味付け微妙	失敗は成功のもと！
encourage: ゴミ出し忘れた	やっちゃった〜
encourage: 靴下バラバラだった	それはそれであり
encourage: 洗濯してしまった	後始末が大変だ
encourage: 寝坊した	二度寝しちゃえ
encourage: バック忘れた	ゴミ袋になるからOK
encourage: 改札引っかかった	ウケる
encourage: お店が定休日だった	他のお店探してみよう
encourage: 先生をお母さんって呼んじゃった	小学生みたいだね
encourage: 炊飯器のスイッチ入れてなかった	ご飯はもうちょっと待とう
encourage: ミートソースをこぼした	すぐ洗えば落ちるよ
encourage: 逆向きの電車に乗った	そういうこともあるよ
encourage: 前髪を切りすぎた	また伸びてくるさ
encourage: 砂糖と塩を間違えた	たまには違う味も良いんじゃない？
encourage: 待ち合わせの時間間違えた	次は気を付けよう
encourage: 調味料入れる順番間違えた	次はうまくやれるよ
encourage: スーツにジュースこぼした	クリーニングに出そう
encourage: ミートソースをこぼした	新たな模様ができたね笑
encourage: 逆向きの電車に乗った	冒険だ
encourage: 前髪を切りすぎた	すぐ伸びるよ
encourage: 砂糖と塩を間違えた	よくある笑
encourage: 間違えて資料消しちゃった	次はいいの作れるよ
encourage: ミートソースをこぼした	きっとちゃんと洗えば落ちるよ！
encourage: 逆向きの電車に乗った	ちょっとくらい遅刻しても大丈夫だよ
encourage: 前髪を切りすぎた	意外と似合ってるよ
encourage: 砂糖と塩を間違えた	おっちょこちょいだね
encourage: ミートソースをこぼした	よっぽどおいしかったんだね！
encourage: 逆向きの電車に乗った	いつもと違う景色を眺められるね
encourage: 前髪を切りすぎた	視界が開けてテンション上がるね
encourage: 砂糖と塩を間違えた	脱水予防！！
encourage: 人の名前を間違えた	会話が弾むいい機会だ
encourage: アクセルとブレーキ間違えた	瞬発力！！
encourage: インターン忘れてた	そこまでの会社だったってことだよ
encourage: ミートソースをこぼした	ショックだよね
encourage: 逆向きの電車に乗った	お疲れ様
encourage: 前髪を切りすぎた	いつか伸びるよ
encourage: 砂糖と塩を間違えた	凄い味になるよね
encourage: ミートソースをこぼした	洗えば落ちるよ
encourage: 部屋着の上から服を着た	たまにあるね
encourage: 逆向きの電車に乗った	そんな日もある
encourage: 前髪を切りすぎた	似合ってるよ
encourage: 足を捻った	気をつけてね
encourage: 何もないところで転んだ	大丈夫？
encourage: 砂糖と塩を間違えた	そんな日もあるよ
encourage: 尻餅をついた	大丈夫？
encourage: ミートソースをこぼした	とりあえず染み抜きの方法でも送るわ…
encourage: 逆向きの電車に乗った	次の駅で乗り換えれば大丈夫！
encourage: 前髪を切りすぎた	とりあえずごまかす方向でどうにかしよう！
encourage: 砂糖と塩を間違えた	大丈夫、きっと修正できるよたぶん
encourage: 左右違う靴下はいてきちゃった	やっちゃったね…
encourage: ミートソースをこぼした	染みになっちゃう〜
encourage: 逆向きの電車に乗った	私もよくやっちゃうんだあ
encourage: 前髪を切りすぎた	可愛いよ
encourage: 砂糖と塩を間違えた	甘くてもしょっぱくてもどっちも良いね
encourage: 道がわからなくなった	人に聞いてみよう
encourage: 水をこぼした	手滑っちゃうよね
encourage: 部屋番号を間違えた	あら、ドジっ子ちゃん〜
encourage: ミートソースをこぼした	すぐに洗えば落ちるよ
encourage: 逆向きの電車に乗った	新しい駅で出会いが見つかるかも！
encourage: 前髪を切りすぎた	新しい髪形にチャレンジだ
encourage: 砂糖と塩を間違えた	次からは間違えないように気を付けられるね
encourage: 何もないところでこけた	人に迷惑をかけていないだけ良しとしよう
encourage: 連絡ミスをした	次は注意しておこう
encourage: 体調管理を失敗した	体調は天気や状況でも変わるから仕方がない
encourage: ミートソースをこぼした	それはどんまい
encourage: 逆向きの電車に乗った	時々あるよね
encourage: 前髪を切りすぎた	すぐ伸びるよ
encourage: 砂糖と塩を間違えた	それはどうしようもない
encourage: 牛乳買い忘れた	ミルクティーが飲めない、、
encourage: 課題の締め切り間違えてた	まさに今の自分
encourage: 予定がダブった	あとの予定はごめんなさい
encourage: 勉強のやる気が起きない	そんなときもあるよね
encourage: メイクが上手にできない	あたいも…
encourage: ダイエットをしたいのに食べてしまう	分かりみが深いっ！！！！
encourage: 寒いから布団から出たくない	冬眠の季節だもん
encourage: 推しのイベントが多くて楽しくて仕方ない	幸せ者やねっ！
encourage: 粒餡派が少数で辛い	私、粒あん派♥
encourage: 食べたいものが多すぎて辛い	食べよっ！食べよっ！
encourage: モテ期で辛い	いやいやいや・・・！
encourage: 悩みがない	いいんじゃね？
encourage: メイクが上手にできない	わたしもだよ～一緒に勉強しよう
encourage: ダイエットをしたいのに食べてしまう	食べたいときに食べればいい！
encourage: 寒いから布団から出たくない	分かる～
encourage: 就活やる気でない	仲間みつけよう
encourage: 美容院お金かかりすぎ…	美容師の友達探す
encourage: 彼氏ができない！	焦らずいこ～
encourage: ずっとゲームをしてしまう	時間決めてやる
encourage: 人目線	他人を気にして行動する人生でいいんすか？
encourage: 逃げたい	逃げるは恥だが役に立つ！
encourage: 親に言われる	親に決められてるの？自分の人生なのに。
encourage: 別れたい	よーく考えてから決めればええ。
encourage: 告白するか迷う	悔いのないように！
encourage: 進路に迷う	自分を信じて！どの選択でも君次第！
encourage: お腹減った	美味しいもの食べよ！
encourage: 疲れた	お疲れ様！頑張っている君は素敵さ！
encourage: 必要とされていない	そんなことはないさ！生まれてきてくれてありがとう！
encourage: 他人と比べる	他人は他人、自分は自分。自分流に生きれる奴は（E）
encourage: 相談聞いて	心得た！
encourage: ブス	何を思ってそうなったん？逆に誰が可愛いの？定義なんてないさ。
encourage: 断れない	嫌なら断りな！断る権利は誰にでもある。
encourage: 無理	まあまあそう言わず落ち着きましょう。
encourage: 一人	え、一人楽しくない？自由やで！
encourage: 物欲	お財布と相談やな！
encourage: 遊びたい	やることやって遊んだらええ。
encourage: 献立思いつかない	某サイトで検索すれば美味しいもの出てくるで！
encourage: メイクが上手にできない	YouTubeみて一緒にがんばろ！
encourage: ダイエットをしたいのに食べてしまう	えわかる、でもストレスためないのが一番！
encourage: 寒いから布団から出たくない	わかる、毛布巻きつけて歩こう！
encourage: 課題がわからない	先生に質問してみよう！
encourage: 運転が上手くならない	ドライブで一緒に練習しよ！
encourage: 夜寝れない	朝早く起きよう！
encourage: 緊張しい	落ち着いて！
encourage: お金ない	バイトしよ！
encourage: アウター欲しいけど高くて買えない	お年玉まで待とう
encourage: メイクが上手にできない	YouTubeとかで色々見てみたら？
encourage: ダイエットをしたいのに食べてしまう	私もそうだから一緒に頑張ろう!
encourage: 寒いから布団から出たくない	わかる！私もそうなんだよね〜
encourage: ずっと眠い	私もそうなんだよね、お昼寝するといいらしいよ!
encourage: 最近忙しい	忙しいっていうのは悪いことではないよ!
encourage: 緊張するとお腹が痛くなる	深呼吸して頑張って!
encourage: 人見知りで初対面の人と打ち解けられない	徐々に仲良くなれれば大丈夫だよ!
encourage: 部屋が汚い	年末の大掃除頑張って新年気持ちよく迎えよう！
encourage: 写真写りが悪い	わかる!、ちょっと後ろに立って写ってみたら？
encourage: 海外に行きたい	今はコロナだから仕方ないけど、いつかは行けるようになるよ
encourage: どこかに出かけたい	時間調整して、気分転換にどこかへ出かけようよ!
encourage: 他大学の人たちと予定が合わない	みんな忙しいから仕方ないよね…
encourage: メイクが上手にできない	練習しよう
encourage: ダイエットをしたいのに食べてしまう	お菓子を家からなくそう
encourage: 寒いから布団から出たくない	もう少しだけ寝よう
encourage: 冬服がない	買い物に行こう
encourage: 宿題が終わらない	できるところまでやろう
encourage: もっと成績をよくしたい	もっと勉強しよう
encourage: 好きなことだけしていたい	もうひと踏ん張り！
encourage: 夜眠れない	相談乗るよ
encourage: 可愛くなりたい	出来ることから始めよう
encourage: 今日の夕飯何つくろうかな	自炊してるのえらい！
encourage: 明日その服着よう	どんな服でも似合うよ
encourage: 常に眠い	寝な
encourage: 痩せれない	それな
encourage: 家から出たくない	遊びに行っていい？
encourage: 肌が乾燥するの	保湿大事
encourage: 眼鏡似合わない	似合ってるよ
encourage: 早起きできない	電話かけようか？
encourage: 不安がある…	大丈夫よ
encourage: メイクが上手にできない	youtubeで勉強しよう
encourage: ダイエットをしたいのに食べてしまう	あなたは太ってなんかないよ
encourage: 寒いから布団から出たくない	出なくたっていいよ
encourage: ジムに行きたいのにちゃんと通えるか不安でいけない	やる気次第
encourage: 周りが就活進んでて焦る	それな
encourage: 鼻水が止まらない	それな
encourage: リップ塗っても乾燥する	本当にそれな
encourage: メイクが上手にできない	回数重ねればうまくなるよ！
encourage: ダイエットをしたいのに食べてしまう	ちょっとずつ減らしてこ
encourage: 寒いから布団から出たくない	出ちゃえば意外と大丈夫だよ！
encourage: 友達欲しい	もう友達じゃん
encourage: ダンスが覚えられない	練習あるのみ！たくさん練習頑張って
encourage: 眠いけど起きなきゃ	今日も一日頑張れ୧⃛(๑⃙⃘⁼̴̀꒳⁼̴́๑⃙⃘)୨⃛
encourage: 親と喧嘩した	似たもの同士
encourage: 太った	そんな君も素敵さ☆
encourage: 寝癖すごい	可愛いよ♡
encourage: 課題が多い	頑張れ！
encourage: 手が乾燥してきた…	良い香りのハンドクリームを使ってみよう！
encourage: メイクが上手にできない	一緒に練習しよう！
encourage: ダイエットをしたいのに食べてしまう	夜を我慢してみれば？
encourage: 寒いから布団から出たくない	部屋を温かくしておこう！
encourage: 将来が不安	私も不安すぎる
encourage: どっちに進めばいいか分からない	心のコンパスに従おう！
encourage: 髪色が決まらない	どんな色でもかわいいけどね？
encourage: 短気かも	すぐに熱くなれるんだね
encourage: 冷めやすいんだよね	いろんな事を体験できるじゃん
encourage: 優しくなりたい	そう思ってるだけで優しいよ
encourage: 整形したい	そのままでも十分かわいいけれど、自分がしたいならすればいいさ
encourage: 告白したい	当たって砕けな！
encourage: メイクが上手にできない	充分上手だよ
encourage: ダイエットをしたいのに食べてしまう	そんな日もある
encourage: 寒いから布団から出たくない	今日は布団でいいよ
encourage: 課題が終わらない	今夜通話つなごうよ
encourage: お金がない	隣駅まで一緒に歩こう
encourage: 階段を上るだけで息切れする	もうそんな歳なの？
encourage: 彼氏ができた	あんなやつやめとけ
encourage: メイクが上手にできない	youtube見て勉強しよう
encourage: ダイエットをしたいのに食べてしまう	食べた分だけ運動しよう
encourage: 寒いから布団から出たくない	ストーブつけよう
encourage: 進路が決まらない	よく考えよう
encourage: やる気が出ない	環境を変えよう
encourage: お金がたまらない	バイトを増やそう
encourage: 勉強がうまくいかない	誰かと一緒にやろう
encourage: 身長が伸びない	カルシウムとろう
encourage: 就職どうしよう	たくさん調べよう
encourage: 勉強したくない	ためになるから頑張ろう
encourage: 朝起きれない	生活習慣見直そう
encourage: 夜更かししちゃう	昼夜逆転わかる
encourage: 筋トレが続かない	5分でいいから続けよ
encourage: 外が寒い	冬〜って感じ
encourage: 弟が反抗期	そのうち終わるよ
encourage: バイト先の人と合わない	仕事に集中して放っておけばOK
encourage: 肌荒れしちゃった	栄養しっかり摂って寝よう
encourage: 本の置き場がなくなってきた	電子書籍増やしてみる？
encourage: 満員電車が辛い	あれ嫌だよね
encourage: ダイエットが続かない	なかなか難しいよね、、
encourage: 来た道を覚えられない	感覚に頼らずにマップ見て帰ろう
encourage: お金を使い過ぎた	稼げ稼げ
encourage: メイクが上手にできない	誰だって最初はうまくできないよ
encourage: ダイエットをしたいのに食べてしまう	わかる
encourage: 寒いから布団から出たくない	わかる
encourage: 就活どうしよう	先輩や先生に相談しよう
encourage: 進学どうしよう	先輩や先生に相談しよう
encourage: 肌荒れがひどい	野菜沢山食べていっぱい寝よう
encourage: 朝起きれない	生活リズムを整えよう
encourage: 彼氏の返信が遅い	いそがしいんだよ、きっと
encourage: 最近彼氏が冷たい	それはつらいね
encourage: 友達が冷たい	それはつらいね
encourage: 友達と喧嘩した	はやめに仲直りしよう
encourage: 乾燥がひどい	わかる、保湿しよ
encourage: 冷え性だ	暖かい恰好で過ごそう
encourage: 寝不足だ	眠いよね
encourage: パソコンの動作が変	再起動したら？
encourage: スマホの動作が変	たまにあるよね
encourage: 肩こりがひどい	大丈夫？ゆっくり休んで
encourage: 疲れた	お疲れ様です
encourage: メイクが上手にできない	可愛いからメイクなんてするな
encourage: ダイエットをしたいのに食べてしまう	わかる、
encourage: 寒いから布団から出たくない	寝坊するぞ
encourage: 試験大丈夫かな	勉強してきたから大丈夫だよ
encourage: 喧嘩した	時間が経てば元に戻れる
encourage: メイクが上手にできない	私も上手くできないから練習中
encourage: ダイエットをしたいのに食べてしまう	とてもよくわかる
encourage: 寒いから布団から出たくない	冬眠したいよね
encourage: メイクが上手にできない	伸びしろしかないじゃん！
encourage: ダイエットをしたいのに食べてしまう	ダイエットは断食じゃない！
encourage: 寒いから布団から出たくない	布団の中最高だよね
encourage: 課題が終わらない	丁寧にやってる証拠だね
encourage: 視力が悪い	人とは違う世界が見えていいじゃん
encourage: お金がない	節約力上がるね
encourage: 悩みがないことが悩み	幸せだなぁ
encourage: つらいことなさそうに見えてしまう	周りをハッピーにしてるね
encourage: インターンが通らない	合わないってことであきらめな
encourage: 寒いから布団から出たくない	がんばれ
encourage: 集中力が続かない	好きなものじゃないと難しいね
encourage: 夜更かししてしまう	同じく
encourage: メイクが上手にできない	同じく
encourage: ダイエットをしたいのに食べてしまう	わかる
encourage: 時間の使い方が下手	難しいよね
encourage: 優柔不断	決めるの難しいよね
encourage: 金遣いが荒い	気をつけなきゃね
encourage: 寒いから布団から出たくない	あるあるだね
encourage: 早起きできない	頑張って
encourage: 服が決まらない	なんでも似合うよ
encourage: 課題が難しい	難しいね
encourage: 人に話しかけられない	難しいよね
encourage: 良い言葉が出てこない	伝われば大丈夫だよ
encourage: 物覚えが悪い	なんでも覚えるのは大変だよね
encourage: 周りの目が怖い	わかる
encourage: 遊んでいると帰りたくなくなる	楽しいもんね
encourage: 言葉遣いが悪い	練習しよう
encourage: メイクが上手にできない	うーん、参考にこの動画とかどう？
encourage: ダイエットをしたいのに食べてしまう	食べちゃった分動けば大丈夫！！
encourage: 寒いから布団から出たくない	それね、もういっそ布団ごと動いちゃうとか？（笑）
encourage: 寝れない	アロマとか音楽とかどうかな？？
encourage: メイクが上手にできない	焦らないで丁寧にやってみよ
encourage: ダイエットをしたいのに食べてしまう	私もだよ辛いよね
encourage: 寒いから布団から出たくない	お布団巻き巻きで歩いてみよ
encourage: 朝起きれない	アラームガンガンにしてみよう
encourage: 弟が学校に行かなくなっちゃった	お布団巻き巻きで歩いてみよ
encourage: 最近の事件のせいで外に出るのが怖い	そうだよね怖いよね
encourage: お金がない	最近の事件のせいで外に出るのが怖い
encourage: メイクが上手にできない	明日はきっとうまくいくよ
encourage: ダイエットをしたいのに食べてしまう	いっぱいたべるきみがすき
encourage: 寒いから布団から出たくない	お布団は最高なので仕方がない
encourage: 寝れない	リラックスできる状況を作ろう
encourage: お菓子がおいしくてやめられない	おいしいからしかたない
encourage: 朝起きられない	いっぱい寝れてえらい
encourage: 集中力がない	打ち込める趣味を見つければ集中できるかも？
encourage: メイクが上手にできない	メイク動画のおすすめあるよ
encourage: ダイエットをしたいのに食べてしまう	めっちゃわかる
encourage: 寒いから布団から出たくない	布団出る前に部屋を暖めておくのいいよ
encourage: 課題のやる気が出ない	いつもそう
encourage: 働きたくない	みんなそう
encourage: 紅白に落選した	レコ大には当選した？
encourage: 手越くん卒業しちゃった	大丈夫。YouTube見ましょう。
encourage: 落ちた	ミカン缶食べて元気出して
encourage: 間に合わなかった	次は間に合うよ。
encourage: 存在が薄くて悲しい	私にとってはあなたの存在は十分濃いよ。
encourage: かぐや姫が月に帰った	実家に帰っただけだよ。また帰ってくるよ。
encourage: 卒業ラッシュで悲しい	本人が決めたことを尊重しよう。
encourage: 1人暮らしが終わって悲しい	社会人になったら又一人暮らしできるよ。
encourage: 取っておいたプリンを食べられた	請求しよう！
encourage: 甲子園を逃した	練習は無駄じゃないよ
encourage: 手越くん卒業しちゃった	YouTube始めたね
encourage: 受験落ちた	頑張ってよかったと思える日が必ずくるよ
encourage: 提出期限間に合わなかった	4回まではセーフ
encourage: 振られた	その人見る目ないね
encourage: ペットが死んだ	天国で見てるよ
encourage: 完結した	２週目見るか
encourage: 友達に否定された	気にすることじゃない
encourage: 友達に悪口言われた	気にすることじゃない
encourage: 太った	バストアップしたんじゃない？
encourage: バイトに落ちた	コロナだからしょうがない
encourage: 車擦った	一度は経験する道
encourage: カレー作ろうと思ったのにルーがなかった	ポトフに変更しよう
encourage: スタバの新作終わった	来年になれば忘れるよ
encourage: 自分だけ可愛くない	そんなことないよー！
encourage: 人前でうまく話せない	予行練習して話す前に深呼吸しよう
encourage: 一生彼氏ができない	一緒に遊ぼう
encourage: 彼氏が元カノと仲良い	可愛く拗ねよう！
encourage: お申し出受けた	堂々としてれば大丈夫
encourage: 夏休み終わった	もうすぐ冬休みくるよ
encourage: ニキビできた	皮膚科行こう！
encourage: 落選した	一緒にオンラインでみよう！
encourage: 仕事でミスをした	次気をつけよう
encourage: 近所のラーメン屋潰れた	他店に食べに行こう
encourage: 卒業しちゃった	何事も終わりはあるんやで？さあ、新しい領域へ！HaHa
encourage: 落ちた	落ちない人間なんているの？
encourage: 間に合わなかった	間に合わなかった事実は変わらないので、次にいこ！
encourage: 死んだ	君はまだ生きている！残された人生楽しもう。
encourage: ぴえん	ぱおん
encourage: 悲しい	悲しい時は思いっきりないてええんやで！
encourage: 泣きたい	存分に泣けばいい。
encourage: 手越くん卒業しちゃった	一般人としてあえるかもよ！
encourage: 落ちた	お疲れ様、頑張ってたのわかってるよ。
encourage: 間に合わなかった	待ってるよ~ん
encourage: 今日誕生日なのに誰にも祝ってもらえなかった	誕生日おめでとう！！
encourage: 仲良い友達が遠くに引っ越した	私が仲良い友達だよ！
encourage: アイス溶けてた	もう一回買おう！
encourage: 友達と喧嘩した	ちゃんと謝れば許してくれるよ！
encourage: ライブ外れた	次当たるよ！
encourage: 予定が埋まらない	私と遊ぼう
encourage: 手越くん卒業しちゃった	新しい推し見つけようよ!
encourage: 試験に落ちた	きっと他にいい学校に行けるよ!
encourage: 就活に落ちた	きっと他の良い会社に行けるよ!
encourage: 電車の時間に間に合わなかった	乗り換えで走ればそんなに遅刻しないと思うよ!
encourage: 課題の提出時間に間に合わなかった	次から遅れないようにすれば大丈夫だよ!
encourage: 抽選に落ちた	運が溜まっていると思って元気出して!
encourage: ガシャポンで欲しいものが出なかった	きっと今は運を溜めている段階だから落ち込まないで！
encourage: 好きだったドラマが終わってしまう	来クールにもっとハマれるドラマがあるかもよ?
encourage: おみくじで大凶が出た	大吉が出る確率よりはるかに低いからある意味ラッキー！
encourage: 欲しかったものがお店に行ったら売り切れていた	きっとそれよりいいものが買えるよ!
encourage: 大切にしていたものを間違えて捨ててしまった	次から、落とさないような場所に置けばOK
encourage: 占い結果が悪かった	占いは非科学的なものが多いから、気にしなくて大丈夫！
encourage: 手越くん卒業しちゃった	それは残念…
encourage: 落ちた	また受ければ大丈夫
encourage: 間に合わなかった	次は間に合わせよう
encourage: 外出禁止になった	ステイホームを楽しもう
encourage: 祝日なのに休みじゃなかった	残念！
encourage: 課題の期限を間違えた	次はちゃんと確認しよう
encourage: スイーツを食べられた	名前を書いておこう
encourage: 推しが負けた	お疲れさまだね
encourage: 振られた	次の人探そう
encourage: グッズ売り切れ	それはつらい
encourage: 落ちた	どうにかなる
encourage: 無理だ	大丈夫
encourage: 推しが卒業だって	辛いな
encourage: ゲームのデータ飛んだ	一からやり直そ
encourage: ばいばい	またね
encourage: 辛すぎる	いけるて
encourage: 手越くん卒業しちゃった	そこまで興味ないかな
encourage: 落ちた	何に？？
encourage: 間に合わなかった	何に？？
encourage: 面接むずかった	なんて聞かれたの？
encourage: 面接官が怖かった	どんな感じで？
encourage: 友達と予定が合わない	その子に嫌われているのかも
encourage: 海外に行けない	どこ行きたいの？
encourage: ドタキャンされた	そのことはもう遊ぶのやめよう
encourage: 白い服にコーヒーこぼした	ショック！
encourage: 自分の好みが変わった	そうゆう時もあるよね
encourage: マスクイケメンだった	それはマジで萎える
encourage: 手越くん卒業しちゃった	むしろ新しい素敵なことがあるかもよ
encourage: 落ちた	努力したことに意味がある
encourage: 電車に間に合わなかった	焦らず次の電車で行こ
encourage: 友達と喧嘩した	どうしたの？話聞くよ
encourage: 友達に会えなかった	明日はきっと会える！
encourage: 欲しいものが売り切れだった	また明日行ってみよう！
encourage: お財布落とした	交番へlet's go！
encourage: 給食の揚げパン落とした	ドンマイ（ ; ; ）
encourage: フラれた	次があるよ
encourage: ジュースこぼした	( ･᷄∀･᷅ )
encourage: 卵割れた	今日は卵焼きにしよう
encourage: テスト0点だった	伸び代だらけ！
encourage: ドタキャンされた	空いた時間好きなことに使おう
encourage: スマホ割れた	そろそろ買い替え時かも
encourage: ご飯が冷たい	電子レンジがある時代でよかった！
encourage: コンタクト落とした	今日はメガネでイメチェンだ！
encourage: ヒール折れた	韓国ドラマあるある
encourage: 友達に騙された	もう騙されないぞ！
encourage: 電車乗り過ごした	逆の電車に乗ればいいさ
encourage: お気に入りの服汚した	洗濯すれば落ちるかも
encourage: 顔が汚れて力が出ない	新しい顔だよ！(⚈ ⚈͜ ⚈)彡
encourage: お腹すいた	今夜何食べる？
encourage: 試験落ちた…	次頑張ればいいよ！
encourage: お寿司にわさび入ってた	大人の階段登った！
encourage: バカって言われた	バカっていう方がバーカ！
encourage: 新発売のお菓子がコンビニ限定…	高いよね…
encourage: スタバの新作高すぎ	幸せの代金
encourage: パンクした	修理修理ー
encourage: 手越くん卒業しちゃった	悲しみに溺れるね
encourage: 落ちた	次頑張ればいいんだよ！
encourage: 間に合わなかった	もうゆっくり行こう
encourage: すっぽかした	そことは縁が無かったんだよ
encourage: ペットが死んじゃった	いつも心の中にいるよ
encourage: 取り敢えず悲しい	気分をあげに行こう！
encourage: しんどい	推しの為に頑張って
encourage: 誰も観てくれない	神に愛されてるから大丈夫
encourage: 生きているのがつらい	一人じゃないよ
encourage: 手越くん卒業しちゃった	一緒にバンタン見ようよ
encourage: 手越くん卒業しちゃった	これからも追っかけよう
encourage: 落ちた	次があるよ
encourage: 間に合わなかった	次は気をつけよう
encourage: 定期なくした	もっとよく探そう
encourage: ライブに落ちた	次は絶対に当選するよ
encourage: スマホが壊れた	新しいの買おう
encourage: けがをした	けがだけで済んでよかったね
encourage: バイト落ちた	向いてなかったんだよ
encourage: ほしいものが買えなかった	次はちゃんと予約しよう
encourage: 推しが引退した	新しい推しを見つけよう
encourage: 読んでた漫画が終了した	作者の次回作を待ちましょう
encourage: 起きたら午後だった	切り替えていこ
encourage: 太った	自粛太りかな、、
encourage: バイト落ちた	次いこ
encourage: 遊びに行く日に雨が降った	雨の日しかできないこと考えよ
encourage: V6が解散した	寂しいね
encourage: 野菜が値上げした	今年は不作だったのかね
encourage: 単位落とした	もう落としたものは仕方ない
encourage: 怖い夢を見た	夢でよかったね
encourage: お腹減った	なんか食べる？
encourage: 友達と喧嘩しちゃった	仲直りは早い方がいいよ
encourage: 暖かい飲み物が売り切れ	地味に辛い
encourage: 遠出してないな	年末だしどっか行っちゃおうよ
encourage: ペットが死んだ	悲しいね、、、
encourage: 手越くん卒業しちゃった	いつかそういう時が来るさ
encourage: 落ちた	次落ちないように頑張ろう
encourage: 間に合わなかった	そういうこともあるよ
encourage: 推しがクビになった	推しのセカンドキャリアも応援しよう
encourage: 推しチームが最下位になった	来年は大丈夫だよ
encourage: アニメの推しが死んじゃった	あるよね
encourage: センターが変わっちゃった	次のセンター誰だろうね
encourage: ゲームで全ロスした	ご愁傷様です
encourage: 好きなユーチューバーが配信やめた	他のユーチューバー探そう
encourage: シフトが急遽入った	その分稼げるよ
encourage: 推しが打たれた	そういうときもあるさ
encourage: 推しがエラーした	そういうときもあるさ
encourage: 手越くん卒業しちゃった	私は手越くん好きじゃない
encourage: 落ちた	また頑張ろう
encourage: 間に合わなかった	次から気を付けよう
encourage: ペットが死んだ	また新しいペット買ったら！
encourage: 彼氏と別れた	自由になれるね
encourage: 手越くん卒業しちゃった	ソロで活動してくれるといいね
encourage: 落ちた	また次回頑張ろ！
encourage: 間に合わなかった	電車の乗り換え最悪だったね
encourage: 手越くん卒業しちゃった	合える機会が増えるね
encourage: 落ちた	上がるのみ
encourage: 間に合わなかった	時間の管理を見直す機会だ
encourage: コンサートの抽選に落ちた	他にお金が使えるね
encourage: 友達と喧嘩した	仲がより深まるね
encourage: 変換が上手くいかない	注意力上がるね
encourage: 炭酸が爆発した	強い炭酸ってことが分かったね
encourage: スタバの新作が売り切れてた	カロリー摂取抑えられたね
encourage: 手越くん卒業しちゃった	しちゃったね
encourage: 遊ぶ予定がなくなった	また今度会えるよ
encourage: ライブが中止になった	今度できるといいね
encourage: 買ったばかりのネックレスをなくした	それは悲しいね
encourage: ネットで買った服が思っていたものと違う	それは悲しい
encourage: チケットが外れた	きっと次は当たるよ
encourage: 彼氏と別れた	次の出会いがあるよ
encourage: 試合に負けた	よく頑張ったね、お疲れ様
encourage: 怪我で試合に出られない	それは悔しいね
encourage: 友達と喧嘩した	そんな時もあるよ
encourage: 親に怒られた	嫌だね
encourage: 手越くん卒業しちゃった	卒業しちゃうのは悲しいね…
encourage: コンサートの抽選に落ちた	そっか…次当たるよきっと！
encourage: 間に合わなかった	間に合わなかったのはつらいね…
encourage: お気に入りの服が汚れちゃった	何とかしてきれいにできないかな…
encourage: 目の前で品切れになった	そんなときもあるよ…、別の店にはないかな？
encourage: 手越くん卒業しちゃった	私も手越ファンなんだ悲しいよね
encourage: 落ちた	もっと似合うところがあるよ
encourage: 間に合わなかった	大丈夫！
encourage: 親戚が病気になった	きっと治るよ
encourage: 欲しかったものが売り切れた	きっと再販するよ
encourage: 収入源が途絶えた	またすぐ見つかるよ
encourage: 好きな人と喧嘩した	喧嘩するほど仲がいいよ
encourage: 手越くん卒業しちゃった	でももう見れなくなったわけではないよ
encourage: 落ちた	神様がここはよくないっていってるんだよ
encourage: 間に合わなかった	次は気を付ければだいじょうぶ
encourage: 好きな俳優が引退した	新しいすきを見つけに行こう
encourage: 好きな女優が結婚した	でも幸せならオッケーです
encourage: 大事なものをなくした	探し物は探すのをやめたときにみつかるよ
encourage: トイレットペーパーをきらした	ペーパーがなくなったことに気づけたのがえらい
encourage: 手越くん卒業しちゃった	あんまり興味ない
encourage: 落ちた	何に？
encourage: 間に合わなかった	何に？
encourage: 課題が全然できない	課題なんてそんなもん
encourage: ライブの抽選落ちた	それは悲しい
encourage: 寺田蘭世さんが芸能界から引退しちゃう	引退しないでほしい
encourage: 乃木坂46の卒業ラッシュがすごい	みんなずっといて
encourage: 社会人人生不安	Me,too
encourage: 友達できるかな	できるよ！
encourage: 来週面接だ	イケイケどんどん
encourage: 全然わからない	私も分からない！おそろいだね！
encourage: 貯金できるかな	貯金箱買おう
encourage: お金貯まるかな	貯金箱あるから大丈夫！
encourage: 仕事覚えられるかな	いけるっしょ！
encourage: 同期と仲良くなれるかな	飲みニケーション！
encourage: てるのちゃんいじけてないかな…	大丈夫！
encourage: てるのちゃんの名前を勝手に使ったこと怒ってるかな…	怒ってなかったよ！
encourage: 友達できるかな	私がいるじゃん
encourage: 来週面接だ	気楽に行こう
encourage: 全然わからない	一緒に考えよう
encourage: 浮気されてるかも	知らない方がいいこともある
encourage: 社会で生きていけるかな	なるようになる！
encourage: 自分に自信が持てない	下には下がいるよ！
encourage: 将来の夢がない	選択肢増やすために勉強しよう
encourage: やる気が起きない	一緒にやろう
encourage: すぐに諦めてしまう	周りの人に頼ろう
encourage: ネガティブになってしまう	気楽に行こう
encourage: 人を信用できない	自分を信用しよう
encourage: 単位来ないかも	一個くらい大丈夫
encourage: 内定もらえない	なんとかなるよ
encourage: 悪口言われてるかも	思ってる以上にみんな人のこと見てないよ
encourage: 友達できるかな	できるかな？じゃなくて作るんよ！
encourage: 来週面接だ	緊張しすぎのやらかし注意！頑張って！
encourage: 全然わからない	私もわからなーい（笑）
encourage: コロナ	それ全世界共通の悩み。解決できた君はノーベル賞
encourage: 結婚相手がいない	探す手段はたくさんあるので試しましょう
encourage: 宣告された	余命宣告されてない人だっていつ死ぬかわからんから悔いのないように生きよ！
encourage: お金が返ってこない	それはやばい。催促すべきじゃない？
encourage: 友達できるかな	とりあえず笑顔であいさつしとこ！
encourage: 来週面接だ	笑顔！笑顔！面接官も人間！
encourage: 全然わからない	まあさ、考えた過程が大事よな、うん。
encourage: 今日雨降るかなあ？	一応傘持ってた方がいいんじゃない？
encourage: 家の鍵閉め忘れたかも	確認しに帰った方がいいよ！
encourage: 就職先決まるかな？	大丈夫！心配しなくて大丈夫だよ！
encourage: 友達できるかな	きっと他に人も不安に思ってると思うよ!勇気を出して話しかけてみようよ!
encourage: 来週面接だ	変に気負わずに頑張って!!
encourage: 泥棒が来るかもしれない	ちゃんと鍵を閉めていれば入ってこないよ!
encourage: 家に強盗犯が入ってくるかもしれない	宝くじに当たるくらいの確率だから、多分入ってこないと思うよ!
encourage: ぼんやりとした不安	夏目漱石と同じ悩みだね、まずはどうして不安なのかを考えてみたら？
encourage: 面接に受かっているか心配	自信を持って、いい結果を待とう！
encourage: 将来が不安	ゆっくり考えてみよう〜
encourage: テストの結果が悪かった	そういう時もあるよ!次、頑張ろう!
encourage: 友達が待ち合わせ時間に来ない	心配しなくてもそのうちにきっと来るよ!
encourage: 最近物騒で電車に乗りたくない	だね、スマホに見入ったり、寝たりしないようにしてい気をつけよう！
encourage: 推しのキャラクターグッズをたくさん買ってしまう	わかる！私も買っちゃうんだよね〜
encourage: 友達できるかな	できる！
encourage: 来週面接だ	大丈夫！
encourage: 全然わからない	もう少し頑張ろう
encourage: 眠れない	アイマスクをしよう
encourage: 起きれるか不安	目覚まし時計をかけよう
encourage: 体調がよくない	しっかり寝よう
encourage: 緊張する	ツボを押してみよう
encourage: 友達にどう思われてるかな	悪く思われてないよ！大丈夫！
encourage: 試験が近い	自分を信じて
encourage: どうしよう	なんとかなるよ
encourage: わからん	教えてあげよう
encourage: テスト大丈夫かな	一緒に勉強しよう
encourage: お化け屋敷はダメでしょ	頑張って
encourage: カギ閉めたっけ	家戻る？
encourage: やばい	やばいね
encourage: 怖い	怖くないよ
encourage: 友達できるかな	できるよ！
encourage: 来週面接だ	しっかり対策していこ
encourage: 全然わからない	何が？
encourage: 就活したくない	それな！！！
encourage: 働きたくない	それな！！！！！！！！！！！！！
encourage: 将来が不安	わたしも不安
encourage: コーディングテストが本当にできない	あれは難しい
encourage: 友達できるかな	できるよ！
encourage: 来週面接だ	頑張って！応援してるよ
encourage: 全然わからない	ゆっくり考えよ
encourage: 〆切が迫ってる	あと少し、頑張って！
encourage: やる気が出ない	一旦休憩しよ！
encourage: 夜道が暗い	気をつけて！
encourage: 来週面接だ	自信を持って！
encourage: 明日起きれるか不安	まず体調管理！寝不足は良くないよ
encourage: 怖い夢見た	正夢になりませんように☆彡
encourage: 朝たまたま見た占いの結果が悪かった	気にしなくて大丈夫！
encourage: 郵便が届かない	気長に待ってみよう
encourage: 友達できるかな	出来るよ！自分から話しかけてみたら？
encourage: 来週面接だ	もう一度、確認しよう
encourage: 全然わからない	自分を信じて！
encourage: テストができるか分からない	予習を頑張ろう！
encourage: 結婚出来るかな	自分を磨こう
encourage: 就職出来るかな	自分を理解して突き進むしかない
encourage: 緊張する	ダイコンだと思うんだ！
encourage: 周りとなじめない	何色にも染まらないなんて素敵
encourage: 今日の振り返り	自分が気にしてても相手は気にしてないよ
encourage: 友達できるかな	大丈夫でしょ
encourage: 来週面接だ	頑張れ
encourage: 友達できるかな	なんとかなるさ
encourage: 来週面接だ	たくさん練習しよう
encourage: 全然わからない	友達を頼ろう
encourage: 将来どうなるだろう	やりたいこと見つけよう
encourage: 緊張する	たくさん練習しよう
encourage: 寝不足だけど出かけなきゃ	無理しないで
encourage: 初めて高速道路で運転する	安全運転！
encourage: 就活しなきゃ	ゆっくりやっていこう
encourage: 明日はバイト初日だ	挨拶しっかりね！
encourage: コロナこの収束するかな	落ち着くといいね
encourage: 食べたものが消費期限切れだった	トイレ予約しとこう
encourage: 将来が不安	なるようになるさ
encourage: 明日テストだ	最後まで足掻こう
encourage: 返信途切れた	気にしない気にしない
encourage: バイト先のシフトが減った	他を探してみてもいいかも
encourage: 新学期始まる	楽しんでいこう
encourage: 友達できるかな	きっと出来るよ
encourage: 来週面接だ	頑張れ
encourage: 全然わからない	困ったら聞いてね
encourage: 明日ゼミの発表だ	大丈夫だよ
encourage: 来週模擬授業だ	頑張れ
encourage: 明日面談だ	緊張するよね
encourage: 来週試験だ	頑張れ
encourage: 友達できるかな	できるよ
encourage: 来週面接だ	ファイト！
encourage: 全然わからない	教えてあげる
encourage: 成功するかな	この世に男はたくさんいる
encourage: テスト大丈夫だったかな	終わったことを気にするな！
encourage: 友達できるかな	明るいし面白いからすぐ出来るよ！
encourage: 来週面接だ	緊張するね！
encourage: 全然わからない	そのうち分かるようになるよ！
encourage: 友達できるかな	友達を作ろうと考えてるだけえらい
encourage: 来週面接だ	深呼吸
encourage: 全然わからない	一緒に考えてこ！
encourage: 単位取れるか不安	一緒に勉強しよう
encourage: 明日起きられるかな	いつも早く起きてるから大丈夫だよ
encourage: 試験大丈夫かな	今まで頑張ってきたから大丈夫
encourage: 友達怒ってないかな	思い違いってことよくあるよ
encourage: 友達できるかな	きっとできるよ
encourage: 来週面接だ	頑張って
encourage: 全然わからない	誰かに聞いてみる？
encourage: 友達できるかな	きっとできるよ
encourage: 来週面接だ	頑張って！
encourage: 変なお客さん来ないといいな	来ませんように
encourage: 結婚できるかな	きっとできるよ
encourage: 全然わからない	わからないよね
encourage: 明日起きれるかな	早く寝よう
encourage: 就職できるかな	なんとかなる！
encourage: バイトでミスしないかな	きっと大丈夫！
encourage: 明日の試合勝てるかな	応援してるよ
encourage: 将来生きていけるかな	なんとかなる！
encourage: テスト怖い	怖いよね
encourage: 暗い道が怖い	気をつけてね
encourage: 友達できるかな	大丈夫、きっとできるよ！
encourage: 来週面接だ	めっちゃ緊張するよね面接、ファイト！
encourage: 全然わからない	頭真っ白になるよねわかる…
encourage: 鍵をかけ忘れたかも…	それは不安だね、とりあえず自分の行動を思い出して
encourage: 火を消し忘れたかも…	どうしても不安ならいったん戻るしかないかも
encourage: 発表うまくできるかな	不安ならとことん練習あるのみ！
encourage: テスト大丈夫かな	正直不安を感じている時点で大丈夫だと思うよ
encourage: 失敗したらどうしよう	それも経験！
encourage: 友達できるかな	君なら楽勝だよ
encourage: 来週面接だ	自信持って挑めば大丈夫
encourage: 全然わからない	みんなきっとわからないよ
encourage: 好きな人彼女いるかな	大丈夫君が彼女だよ
encourage: お金が全然たまらない	えいえいおー！
encourage: ライバルに負けるかも	負けないようなことしよう
encourage: 好きな人今誰といるのかな	きっと家で寝てるよ
encourage: 友達できるかな	たくさんの人がいるから自分にあうひともきっといるよ
encourage: 来週面接だ	まだあと1週間あるから準備できるね
encourage: 全然わからない	伸びしろがたくさん！
encourage: 将来がみえない	まだいろんな道を選べるよ
encourage: やりたいことがわからない	色々なことに興味を持ってみよう
encourage: 勉強にがて	自分が手を出せそうに思ったところからとりあえずやってみよう
encourage: やってみたいけど勇気が出ない	チャレンジしてよくないことはあまりないからやってみるのがいい
encourage: 友達できるかな	たぶん大丈夫
encourage: 明日面接だ	頑張れ
encourage: 行きたいところに就職できるかな	なんとかなるよ
encourage: 雇ってくれる会社あるかな	たぶんある
encourage: 裏アカがばれた	笑笑
encourage: いいねがもらえない	そんなときもあるよね！
encourage: SNSで悪口を書かれた	気にしない、気にしない
encourage: 乗っ取られた	何っ？！？！？！
encourage: 思ったことを気軽につぶやけないときがある	その方がいいよ！口は災い元だから！
encourage: 既読無視された	そのうち返信来るよ！
encourage: 楽しそうな投稿がうらやましい	こっちも楽しもう！
encourage: 勝手に写真が使われた	著作権侵害だ！！
encourage: LINEの通知がこない	設定だね
encourage: いいねがもらえない	気にすることじゃない
encourage: SNSで悪口を書かれた	妬まれてるんだよ
encourage: 楽しそうな投稿がうらやましい	今人より頑張ってあとで楽しもう
encourage: 誰からもLINE来ない	私もだよ！
encourage: 勝手に写真が使われた	通報しよう
encourage: 写真写り悪くて載せれる写真ない	風景とか載せとけ
encourage: フォロワー少なすぎ	私がいるだろ
encourage: 返信めんどくさい	代わりにやってあげる
encourage: いいねがもらえない	いいねもらえたから何になるん？じゃあ私から「イイね」！
encourage: SNSで悪口を書かれた	そんなんみなきゃいい。味方だっているから。
encourage: 楽しそうな投稿がうらやましい	じゃあ自分も楽しくなるように切り拓けばいい
encourage: 勝手に写真が使われた	写真を撮らなきゃいいし、見せなきゃいい。
encourage: いいねがもらえない	時間帯じゃない？
encourage: SNSで悪口を書かれた	まじできにすんな！！
encourage: 楽しそうな投稿がうらやましい	え～一緒にたのしも！
encourage: 勝手に写真が使われた	それだけかわいかったのよ、、でもやだよね、
encourage: めっちゃフォロワー減った	ただみんながインスタ辞めただけじゃない？
encourage: 推しの投稿頻度が少ない	今忙しいんだよ！きっと
encourage: いいねがもらえない	私もいいね!するね〜
encourage: SNSで悪口を書かれた	それ、ひどいね…、相手に直接言い返したら？
encourage: 楽しそうな投稿がうらやましい	私たちも羨ましがられる投稿作ろうよ！
encourage: 勝手に写真が使われた	それ、ひどいね…
encourage: SNSをやめたい	私もSNSはやっていないし、やらなくても全然大丈夫！
encourage: いいねがもらえない	投稿を見直そう
encourage: SNSで悪口を書かれた	気にしない！
encourage: 楽しそうな投稿がうらやましい	自分も楽しもう
encourage: 勝手に写真が使われた	意思を伝えよう
encourage: 楽しい	よかった！
encourage: ずっと見てしまう	スクリーンタイム機能を使おう
encourage: アカウントを作りたい	調べよう
encourage: 投稿でマウントをとられる	気にしちゃだめ
encourage: 好きな人から返信来ない	たまたまだよ
encourage: 映えない	映えてる
encourage: SNSで悪口を書かれた	それ誰？ひどいわ
encourage: 楽しそうな投稿がうらやましい	今度その場所一緒に行こう
encourage: 勝手に写真が使われた	嫌だよね
encourage: 乗っ取られた	運営に言おう
encourage: 怖い	全然やらなくていいよ
encourage: フォロワー増えない	徐々にがんばろ
encourage: いいねがもらえない	そうゆう時もあるよね
encourage: SNSで悪口を書かれた	ブロックしよう
encourage: 楽しそうな投稿がうらやましい	ブロックしよう
encourage: 勝手に写真が使われた	友達にしっかり伝えよう
encourage: 炎上した	そうゆう時もある
encourage: バズった	最高！
encourage: ブロックされていた	ブロックしかえそう
encourage: ストーリー非表示にされてた	自分のも非表示にしておこう
encourage: 投稿したらいいね数が少なかった	そうゆう時もある！
encourage: グループ内で自分以外で遊んでた	そのグループなんて友達じゃない！
encourage: Twitterで悪口書いた	それはやめときな！
encourage: 依存から離れられない	それな！！！！！！！！！！！！！
encourage: 友達の状況を知れる	確かに！
encourage: 情報取集たくさんできる	それはいいこと！
encourage: リアルタイムで知れる	それも確かに
encourage: フォロワー増えた	いいね！！！
encourage: いいねがもらえない	数は気にしなくていい
encourage: SNSで悪口を書かれた	そんなの気にしなくていいよ、無視無視
encourage: 楽しそうな投稿がうらやましい	人は人、自分は自分！充実しちゃお
encourage: 勝手に写真が使われた	やだよね、直接嫌な気持ち伝えたほうがいいよ
encourage: いいねがもらえない	あなたの価値はそんなことじゃ決まらない！
encourage: SNSで悪口を書かれた	気にするな！
encourage: 楽しそうな投稿がうらやましい	何か楽しいことをしてみて
encourage: 勝手に写真が使われた	訴えよう
encourage: 返信が遅い	きっと相手も忙しいんだ…！
encourage: いいねがもらえない	人のこと考えるな！自分は自分！
encourage: SNSで悪口を書かれた	暇人なんだね
encourage: 楽しそうな投稿がうらやましい	自分も楽しいことすれば？
encourage: 勝手に写真が使われた	本人に言って削除してもらおう
encourage: 返信がこない	相手も忙しいんだよ
encourage: 電話も出ない	明日かけ直してみれば？
encourage: におわせがつらい	見なきゃ良い
encourage: いいねがもらえない	映えてないのかな？
encourage: SNSで悪口を書かれた	気のせいだよ
encourage: 勝手に写真が使われた	通報しなよ
encourage: 炎上してる	いつものことだよ
encourage: ストーリーに講義資料が写ってる	流出はダメだよ
encourage: カップルの惚気が多すぎる	ほほえましいね
encourage: いいねがもらえない	もう少ししたらもらえるよ
encourage: SNSで悪口を書かれた	放っておこう
encourage: 楽しそうな投稿がうらやましい	人それぞれだよ
encourage: 勝手に写真が使われた	訴えよう
encourage: 反応が来ない	いつか来るよ
encourage: 知らない人からずっとメッセージがくる	ブロックしよ
encourage: 更新がめんどい	しなくても良いのよ
encourage: 遠回しに悪口を書かれた	無視しな
encourage: 許可なしで写真載せられた	個人情報はダメだよね
encourage: 人の投稿が羨ましい	人は人自分は自分
encourage: 反応を気にしてしまう	あんまり気にしない方がいいかも
encourage: 見過ぎちゃう	他にやることあるでしょ
encourage: 返信に時間が取られる	大事なメッセージだけ返せばいいよ
encourage: いいねがもらえない	次はいいね貰えるよ
encourage: SNSで悪口を書かれた	気にしない気にしない
encourage: 楽しそうな投稿がうらやましい	いつか楽しいことが起きるよ
encourage: 勝手に写真が使われた	あなたの写真が素晴らしいからだよ
encourage: ガチャで神引きしたのが羨ましい	あなたもいつか神引きできるよ
encourage: フォロー外された	きっと間違っちゃったんだよ
encourage: ブロックされた	気にしないで
encourage: 既読無視された	いそがしいんだよ、きっと
encourage: 推しが炎上した	あー、それはドンマイ
encourage: 特定の人にだけ引用リツイートされる	ブロックしちゃえ
encourage: DMがざい	ブロックしちゃえ
encourage: フォロワーが増えない	そのうち増えるよ
encourage: 推しの投稿が減った	いそがしいんだよ、きっと
encourage: 親にアカウントばれたかも	連絡先同期してるとあるよねー
encourage: 身内に裏垢ばれたかも	それは仕方ないかも
encourage: 間違えて送っちゃった	そういうこともあるよ
encourage: 推しがSNSで叩かれた	推しが素敵だから嫉妬してるんだよ
encourage: フォロワーがうるさい	ミュートすればいいんじゃない
encourage: アカウントが凍結した	問い合わせたらいいんじゃない
encourage: いいねがもらえない	私がしてあげよう
encourage: SNSで悪口を書かれた	皆書かれている
encourage: 楽しそうな投稿がうらやましい	いつか君もそうなれる☆
encourage: 勝手に写真が使われた	訴えよう
encourage: 返信遅い	忙しいんだよ
encourage: いいねがもらえない	何が良くないんだろう
encourage: SNSで悪口を書かれた	それは酷い！
encourage: 楽しそうな投稿がうらやましい	私たちも何か楽しいことしたいよね
encourage: 勝手に写真が使われた	ちゃんと訴えた方がいいと思う！
encourage: いいねがもらえない	私が押してあげる！
encourage: SNSで悪口を書かれた	悪口が書けるくらい注目されてるってこと
encourage: 楽しそうな投稿がうらやましい	真似しよ！
encourage: 勝手に写真が使われた	良い写真だったってことだよ
encourage: 個人情報がバレた	やばいな
encourage: 承認してくれなかった	間違えて削除しちゃったんだよ
encourage: フォロワーが伸びない	通信が重たくならずに済むね
encourage: いいねがもらえない	人それぞれだから
encourage: SNSで悪口を書かれた	消してもらおう
encourage: 楽しそうな投稿がうらやましい	きっとできるよ
encourage: 勝手に写真が使われた	使わないように言う？
encourage: いいねがもらえない	難しいよね
encourage: SNSで悪口を書かれた	無視が一番だよ
encourage: 写真を撮るの難しい	たくさん撮ろう
encourage: 楽しそうな投稿がうらやましい	遊びに行くかー
encourage: 勝手に写真が使われた	それは酷い
encourage: 変な人に絡まれた	逃げた方がいいね
encourage: SNSを使いこなせない	難しいよね
encourage: 友達が増えない	きっとこれからできるよ
encourage: いいねがもらえない	そんなに気にしちゃだめだよ
encourage: SNSで悪口を書かれた	そんなの無視無視！
encourage: 楽しそうな投稿がうらやましい	じゃあ今度一緒に遊びに行こう！
encourage: 勝手に写真が使われた	それはひどい！勝手に使うのはだめだよね
encourage: 既読無視された	きっと忘れちゃっただけだよ！
encourage: 無視された	気づいてないだけだよきっと、大丈夫！
encourage: ついチェックしてしまう	私もよくやっちゃうよー！
encourage: いいねがもらえない	みんな気づかないなんてみんなセンスないなあ〜
encourage: SNSで悪口を書かれた	君に嫉妬してるだけだよ
encourage: 楽しそうな投稿がうらやましい	見た目だけだよ
encourage: 勝手に写真が使われた	悪用で訴えよう
encourage: 推し被りが匂わせしてる	その人も満たされてないんだよ
encourage: 推しがあんまり更新してくれない	忙しかったり体調悪いのかもね
encourage: 気持ち悪いコメントしてくる人がいる	きもいね無視しよう
encourage: いいねがもらえない	世界がまだあなたの良さに気づいていないだけ
encourage: SNSで悪口を書かれた	あなたの良さを知らないその人はもったいない人だ
encourage: 楽しそうな投稿がうらやましい	それよりもっといい投稿があなたにはできる
encourage: 滑ったコメントをしてしまった	ネットの海に消えるかｒあまり気にしなくても問題ない
encourage: 変なことをつぶやいてしまったかもしれない	いうほど一つの言葉を気にする人は多くない
encourage: フォロワーにブロックされた	あなたとは相性が合わなかっただけ
encourage: 勝手に写真が使われた	これからは使わないようにやさしく注意してあげよう
encourage: いいねがもらえない	そこ気にしなくて大丈夫
encourage: SNSで悪口を書かれた	ブロックしちゃえ
encourage: 楽しそうな投稿がうらやましい	今度遊ぼ
encourage: 勝手に写真が使われた	それは怒ろう
encourage: 急に全てがめんどくさくなるときがある	誰にでもある
encourage: 予定が入り過ぎている	一回整理してみたら
encourage: 話しに割り込んでくる	一言声掛けたら？
encourage: 見てるのも	距離を置こう
encourage: 親が干渉してくる	自分の意見を言った方がいい
encourage: マウント取ってくる	取り返してやれ
encourage: 痴漢された	警察に突き出そう
encourage: 自分がざい	自分の良いところを見つけてみよう
encourage: 元カノと比較された	自分にしかない個性を示そう
encourage: 嫌なことされただけど許した	愛が無きゃ許せないよ
encourage: 寝れない	眠剤やゆっくりお風呂に入りな
encourage: 八つ当たりされた	聞き流そう
encourage: 対応が悪い店員がいた	別のお店に行こう
encourage: 友達と喧嘩した	仲直りできるといいね
encourage: 相手が遅刻してきた	注意しよう
encourage: マウントとられた	かわいそうな人なんだよ
encourage: 予定をドタキャンされた	今度全額奢ってもらおう
encourage: イライラする	寝ればおさまる。
encourage: モヤモヤする	大声で歌ってストレス発散だ！
encourage: ムカつく	多めにみてやれー。悪気はないさ。
encourage: 辛い	辛いよなー。お互いがんばろうや！
encourage: 勉強	今が頑張りどきやで！頑張れば結果がついてくる。
encourage: 人生	人生辛いこともあるけどその分楽しいこともあるよな？
encourage: しんどい	ここ乗り切れば必ずよくなる。頑張れ！
encourage: 恋人に振られた	新しい出会いあるよ！
encourage: バイト先に馴染めない	私のバイト先どう？
encourage: 好きな人に恋人ができた	あの人イマイチだったよ！他にいい人いるよ！
encourage: なんだか友達にハブられてるような、	考えすぎじゃない？
encourage: いじめられている	相談できる人に相談しよう
encourage: 風邪が治らない	お大事にしてね
encourage: 風邪かも	大丈夫？ゆっくり休んで
encourage: 大勢の人の前で転んだ	大丈夫！？記憶は薄れるだろうし気にしない気にしない！
encourage: めっちゃ噛みまくった	わかる、緊張すると噛むよね…
encourage: 大声出してめっちゃ見られた	私もたまにやる、気を付けよう…
encourage: 前後逆に服着てた	案外まわりは気づいてないかも？
encourage: 服のタグが付きっぱなしだった	それめっちゃ恥ずかしいね、どんまい
encourage: 友達と間違えて知らない人に声かけちゃった	向こうも多分察してくれてるだろうから大丈夫だよ
encourage: 水着着て行って下着忘れた	やっちゃったね…
encourage: 寝言言っちゃった	あらら、ちなみに何て言ってたの？
encourage: 寝ぐせついたままだった	気にしない気にしない！なおせそう？
encourage: 相手を間違えてLINEしちゃった	それはいろんな意味で大丈夫だった？
encourage: ズボンのファスナーが開いてた	どんまい、気づいてない人も多いと思うよ
encourage: 店員さんとお客さんを間違えた	紛らわしいときあるよね、次から気を付けよ…
encourage: 歯ブラシ買い忘れた	違う種類の試すいい機会だ
encourage: スーツケースの鍵なくした	あかなくてもどうにかなる
encourage: チケットなくした	問い合わせればとうにかなる
encourage: ヘアアイロン持ってき忘れた	イメチェンできるね
encourage: 下着一泊分忘れた	新しいものを買ういい機会だ
encourage: 現金忘れた	キャッシュレス還元率高いよ
encourage: 寝坊した	その分寝られたね
encourage: オートロックで追い出された	服着てただけまし
encourage: バイキング行きそびれた	欲張って食べて胃もたれせずに済んだね
encourage: 先生来ない	予習できるね
encourage: 長引いた	その分勉強できるね
encourage: 指名される	記憶に残っていいね
encourage: 眠い	徹夜お疲れ様
encourage: 入会費が高い	その分いい経験ができることに期待しよう
encourage: 人多すぎ	いろんな人と関われるね
encourage: 早く帰りたい	残ることでできる人間関係もある！お疲れ様
encourage: 集合時間早すぎ	早起きは三文の徳
encourage: 準備大変	大変な思いはいつか報われるよ
encourage: 上下関係が分からない	敬語使っておけばとりあえずはオッケー
encourage: 新入生の名前と顔が一致しない	覚えようとしていることがすごい
encourage: さぼりすぎてる	休むことも大切
encourage: 企業に電話する	経験値上がるね
encourage: 明日発表	発表前に深呼吸してね
encourage: バイト先での上司との会話	年上の人と話すのはいい経験だよ
encourage: バイト先の人と大学で会話したとき	身構えますよね
encourage: 親戚の人に久々に会うとき	久々に会う人はなんだか緊張するよね
encourage: 憧れの人と話すとき	憧れの人と話せるなんていいね
encourage: 怒ってる人と同じ空間にいるとき	よくいられたね、私だったら怖くて逃げちゃう
encourage: クリぼっち	一人の時間も大事
encourage: サンタさんが来ない	大人になったね
encourage: ケーキが売り切れちゃう	残りものには福がある
encourage: ツリー飾るの面倒だな	飾った後の感動は頑張った人にしか味わえないよ
encourage: イルミネーション見に行きたいのに混んでる、	混んでるときに行った方が味があるよ
encourage: 遊びに行けない	お金貯めて収まったら遊びに行こう！
encourage: マスクが嫌だ	マスクはコロナにとても効果があるんだよ
encourage: ワクチン怖い	いや？意外とそんなことないよ
encourage: コロナ太りした	一緒に運動しよう！
encourage: オンライン授業嫌だ	通勤ラッシュに乗らなくて済むよ！
encourage: 吊り革触りたくない	椅子確保！
encourage: お風呂入りたくない	うちも入ってない、朝までに入ればオッケー
encourage: バイト行きたくない	お金のために頑張ろう
encourage: 好きなアイドルと会えた	一生の思い出じゃん
encourage: 友達が増えた	私にも紹介して！
encourage: プレゼントをもらった	最高の友達だね
encourage: 学校が休みになった	遊んじゃおう
encourage: メイクがうまくいった	超かわいい
encourage: 新しい服買った	似合ってるよ
encourage: イケメン見つけた	最高じゃん！
encourage: もうすぐ休み	自分の好きなことできるね
encourage: ギャグが寒い	どんなギャグ？？
encourage: 風が吹いていて寒い	冬だね～
encourage: ポーズが寒い	どんなポーズ？？
encourage: 見ていて寒い	暖かそうな服をおすすめしよう。
encourage: 服の色が寒そう	寒色も良いぞ。
encourage: 着ている服が寒そう	暖かい服を着せよう
encourage: 冬の海に飛び込んでいて寒そう	リアクション芸人か！
encourage: 1人でホラー映画を見た	次は一緒に見よ
encourage: 犬が怖い	何もしてこないよ
encourage: 怖い夢を見た	あったかい飲み物飲んで落ち着こ
encourage: アニメの推しが亡くなった	それは苦しいね、、
encourage: 独り暮らしを始めた	徐々に慣れていくよ
encourage: 友達が引っ越した	定期的に電話したら良いよ
encourage: 初対面の人から遊びに誘われた	見極めてね
encourage: 初めての場所に一人でいる	あなたなら大丈夫！
encourage: バッドエンドの映画を見た	悲しいね、、
encourage: 陰口を言われた	気にしちゃだめだよ！
encourage: 好きな人がナルシストだった	それは萎えるね
encourage: 野菜が嫌い	無理しない程度に慣れよう
encourage: 猫が苦手	ちょっと怖く見えるよね
encourage: 性格悪い人が苦手	関わらないようにしよう
encourage: 友達の推しが卒業した	出来ることからしてあげよ
encourage: 友達が待ち合わせに遅れた	遅れてくるのは良くないよね
encourage: 何もできない自分にイライラする	そんなことない！
encourage: 自分がこのグループにいていいのかわからない	いていいんだよ！
encourage: 前の席の子に話しかけていいのか	話しかけよ！
encourage: 課題の問題が全然解けない	難しいよね
encourage: 友達に気の利いた声をかけてあげられない	あなたは十分できてるよ
encourage: 綺麗な景色が一瞬で消えてしまう	一瞬だからこそ良いよね
encourage: 友達が数日学校を休んでいる	心配だね、、
encourage: 明日提出の課題が終わらない	焦らず着実に進めてこ
encourage: 道が暗くて不気味	気を付けて歩いてね
encourage: バカにするように笑われた	それは嫌だね
encourage: にらまれた	無視しよ
encourage: バイトで失敗した	次は気を付けよう
encourage: バイトで怒られた	次から頑張ろう
encourage: 何もできない自分がみじめ	そんなことない
encourage: ガチャが外れた	どんまい
encourage: 本を読むのに飽きた	新しいこと始めよう
encourage: 好きな俳優が問題を起こした	わかる、、
encourage: 試験に落ちた	まだできることはあるよ
encourage: 試験勉強を少ししかしなかった	次は後悔を活かして頑張ろう
encourage: 友達の傷つくことを言ってしまった	謝ってみよう
encourage: 嘘をついてしまった	正直に言ってみよう
encourage: 自分のせいで試合に負けてしまったんじゃないか	そんなことないよ
encourage: 彼氏をとられた	許せないね
encourage: 浮気された	相手が悪い！
encourage: 親友に仲の良い友達が出来た	気にしすぎちゃダメ
encourage: 自分より才能がある人に嫉妬する	少しずつ努力しよう
encourage: 試合で負けた	次勝てるよ
encourage: 弟に身長を抜かれた	しょうがない
encourage: 友達の名前を間違えて呼んだ	そういうときもあるよね
encourage: 人前で転んだ	皆数日後には忘れるから大丈夫
encourage: ピアノの発表会がある	いつも通りやれば大丈夫
encourage: 人前に立つ仕事がある	頑張って
encourage: 仕事のできない上司に呆れる	それは呆れてもしょうがない
encourage: 友達と少し言い争ってもやもやする	納得いくまで話し合ったらいいよ
encourage: 今日もつかれた	お疲れ様！
encourage: 最近休みが無くて疲れた	大変そうだね、、
encourage: 画面を見すぎて目疲れた	お疲れ様です
encourage: 悪いことが起きることを恐れる	気にしすぎ！
encourage: じぶんはなにもできない	そんなことないよ！
encourage: 難しいことが出来ない	わかる、
encourage: 生理的に無理な人が増える	相手の良いところを探してみよう
encourage: 自分が不愛想だと思う	不愛想じゃないよ
encourage: 重い仕事を任せられる	君ならできる
encourage: 友達がいない	私がいるよ
encourage: 味方がいない	そんなことない
encourage: 何も言い返せなかった	優しいね
encourage: やりたくない仕事を続けている	頑張っているね
encourage: 年末年始にやることが多い	わかる。
encourage: 多くの仕事を任された	信頼されてるんだね
encourage: ゲームが攻略できない	地道に進めよう
encourage: 人の気持ちを読み取れない	難しいよね
encourage: 自分のするべきことがわからない	出来ることから始めよう
encourage: 恋人が何を考えているかわからない	多分悪いことは考えてないよ
encourage: 限界まで働いている	無理しちゃだめだよ
encourage: 友達が同じことを何度も聞いてくる	しつこいのは嫌だなぁ
encourage: 他人の傷つくことを簡単に言う人がいる	ひどいね
encourage: 恋人に冷めた	何かあったんだね、
encourage: 友達にひどいことを言ってしまった	謝ってみよう
encourage: お互いに無視しあっている	仲直りした方が良いと思う
encourage: 友達の機嫌が悪い	気を付けて行動しよう
encourage: しょっちゅう転ぶ	気を付けよう
encourage: しょっちゅう忘れ物する	気を付けよう
encourage: 電車が遅れている	困るよね
encourage: 商品が破損していた	嫌だね
encourage: 毎日やることがたくさんある	毎日頑張ってるの知ってるよ
encourage: 課題が同時にたくさん出た	無理はしないでね
encourage: 雨でイベントが中止になる	楽しみにしてたのにね、、
encourage: お隣さんとうまく話せない	練習していこう
encourage: 近所の人に見られてる気がする	話してみたいと思われてるのかもしれない
encourage: 子供が挨拶してきて困ってしまった	返してあげれば喜んでもらえるかも
encourage: 財布を盗まれた	もっといいことがきっとこれから起こるよ
encourage: 床に落ちてた犬のフンを踏んでしまった	運が付いたと思おう
encourage: 目の前で乗りたい電車のドアが閉まった	のんびり余裕をもって移動ができたね
encourage: お風呂の栓をせずに沸かしてしまった	これから気を付けれれば水道ガス代も報われるよ
encourage: ご飯を炊く時の水の分量を間違えた	いろんなご飯の硬さを楽しもう
encourage: 火力をミスって焦がした	火が通ってなくておなかを壊すよりいいと思おう
encourage: かわいい子	天使が舞い降りたと思った
encourage: 普通の子	そこはかとなくいい感じだよね！
encourage: 家事得意	いい奥さんになれるね
encourage: 英語が出来る	石油王と結婚出来るんじゃない？
encourage: 嬉しいことをされた	ほんとに愛してるわ
encourage: 許しをこう	心の広さ太平洋かよ
encourage: アイディアを貰った	その考え神かよ
encourage: マイペース	のんきなのは心の余裕があるからよ
encourage: 熱心に教えてたらウザがられた	情に熱い良い人だと思うよ
encourage: 今日も寝る時間が遅くなった	毎日努力してて偉いね
encourage: 他人と気が合わない	それも個性さ
encourage: おしゃべりかも	誰とでも話せるのは凄い！
encourage: 融通が利かない節があるの	真面目に生きてるってことだからいいことじゃない？
