encourage: も挑戦したのですが分かりませんでした。	ナイスチャレンジです。
encourage: 星集め差分の和にも挑戦したのですが分かりませんでした。	ナイスチャレンジです。
encourage: 特に差分の和で入力する数(N)が毎回違うのが難しかったです。	焦らず頑張りましょう。
encourage: 差分の和で入力する数(N)が特に毎回違うのが難しかったです。	焦らず頑張りましょう。
encourage: 簡単ではありませんでした。	プログラミングは難しいですよね。
encourage: 割と忘れていたことも多かったので難しく感じました。	人間は忘れる生き物です。復習を繰り返しましょう。
encourage: 思っていたよりも1年でpythonの知識を忘れていて焦りました。	復習すればきっと思い出せます。
encourage: ただその次の差の和の問題が難しいです。	難しいですよね。一度頭を休めてみてはいかがですか？
encourage: どのようにアプローチすればよいか思いつきません。	相談してヒントをもらうことも時には大切です。
encourage: 情報コースに進みたいと思っているほぼ決めているのですがプログラミングが正直得意な方ではありません。	最初から得意な人ばかりではないですよ。安心してください。
encourage: 進みたいと思っているほぼ情報コースに決めているのですがプログラミングが正直得意な方ではありません。	最初から得意な人ばかりではないですよ。安心してください。
encourage: 事前アンケートで「ネットのPythonの問は出来る」人が多いという事を聞いてとても焦っています。	あなたはあなたの良さがあります。
encourage: 聞いてとても事前アンケートで「ネットのPythonの問は出来る」人が多いという事を焦っています。	あなたはあなたの良さがあります。
encourage: 演習問題は差分の和で詰まってしまい悲しかったです。	時には休むことも大切ですよ。
encourage: また慣れないアプリでの授業というのと春休みで全く触れなかったせいもありだいぶ苦労しています。	少しづつ慣れていきましょう。
encourage: 触れなかったせいもありだいぶまた慣れないアプリでの授業というのと春休みで全く苦労しています。	少しづつ慣れていきましょう。
encourage: 本日のブレイクアウトルームも他の先生では行わない交流の機会を設けてくださりうれしいのですが友人が一人もおらずちきって入れませんでした。	みんなきっと優しいですよ。応援しています。
encourage: 設けてくださりうれしいのですが友人が一人もおらずちきって入れませんでした。	みんなきっと優しいですよ。応援しています。
encourage: 全く解けなかったです。	最初は難しいですよね。あなたのペースで学びましょう。
encourage: 適当なブレイクアウトルームに入りましたが知っている子がいなくて他の子達は知り合いっぽくてついていけなかったので相談などはできませんでした。	これをきっかけに仲良くなってみてはいかがでしょう。きっとみんなあなたの味方です。
encourage: 友達がほぼいないのでブレイクアウトルームが結構しんどいです。	これをきっかけに友達を作ってみてはいかがでしょう。きっとみんなあなたの味方です。
encourage: いないのでブレイクアウトルームが結構友達がほぼしんどいです。	これをきっかけに友達を作ってみてはいかがでしょう。きっとみんなあなたの味方です。
encourage: ブレイクアウトルームで話しかけるのもかなり勇気がいるのでつらいです。	最初は勇気がいりますよね。応援しています。
encourage: 先生の話が早くて全くついていけませんでした。	全て完璧でなくても大丈夫ですよ。後から振り返ることもできます。
encourage: ついていけませんでした。	全て完璧でなくても大丈夫ですよ。後から振り返ることもできます。
encourage: なかなか最初は難しいです。	みんな最初は同じです。あなたのペースで。
encourage: 最初は難しいです。	みんな最初は同じです。あなたのペースで。
encourage: Colaboratoryを初めて使ったのでどこに入力しどう実行すればいいのか分からず戸惑いました。	初めてのことはわからないですよね。でも初めての経験って面白いですよ！
encourage: Colaboratoryを使ったのでどこに初めて入力しどう実行すればいいのか分からず戸惑いました。	初めてのことはわからないですよね。でも初めての経験って面白いですよ！
encourage: 入力しどうColaboratoryを使ったのでどこに初めて実行すればいいのか分からず戸惑いました。	初めてのことはわからないですよね。でも初めての経験って面白いですよ！
encourage: 思った以上にプログラミングのことを忘れていて少し苦労しました。	ゆっくり復習をしながら進めていってください！
encourage: 忘れていて少し思った以上にプログラミングのことを苦労しました。	ゆっくり復習をしながら進めていってください！
encourage: 忘れていて少しプログラミングのことを思った以上に苦労しました。	ゆっくり復習をしながら進めていってください！
encourage: Atcordの演習問題はCircleの問題でつまずきそこで心折れました。	そんな時は、一旦昔の問題に取り組んでみてはいかがですか？
encourage: ちなみにその次の直方体でもつまずきさらに心折れました。	大丈夫ですよ、ゆっくり考えてみましょう。
encourage: でもできないので今は嫌いです。	ゆっくり取り組んでいけば、できるようになりますよ。
encourage: 私はA+取りたいので頑張って問題解こうと思ったのですが一問解くのに時間がかかりすぎてすでにお先真っ暗です。	大丈夫ですよ、解いていくことでだんだん速くなりますよ。
encourage: 時間がかかりすぎてすでに私はA+取りたいので頑張って問題解こうと思ったのですが一問解くのにお先真っ暗です。	大丈夫ですよ、解いていくことでだんだん速くなりますよ。
encourage: AtCorderが少し難しかったです。	ゆっくり取り組んでみてください。
encourage: 難しかったです。	ゆっくり取り組んでみてください。
encourage: 1年のプログラミングの授業をオンラインだったのもあり途中からわからなくなったのを放置していたので全くわからない状態です。	そんな時は、一旦前に戻って復習していきましょう。
encourage: オンラインだったのもあり途中からわからなくなったのを放置していたので全く1年のプログラミングの授業をわからない状態です。	そんな時は、一旦前に戻って復習していきましょう。
encourage: 1年のプログラミングの授業を放置していたので全くオンラインだったのもあり途中からわからなくなったのをわからない状態です。	そんな時は、一旦前に戻って復習していきましょう。
encourage: 久しぶりにプログラミングをしたので最初は感覚や文法が思い出せずに苦戦してしまいました。	ゆっくり思い出していきましょう！
encourage: したので最初は感覚や文法が思い出せずにプログラミングを久しぶりに苦戦してしまいました。	ゆっくり思い出していきましょう！
encourage: プログラミングを久しぶりにしたので最初は感覚や文法が思い出せずに苦戦してしまいました。	ゆっくり思い出していきましょう！
encourage: 差分の和の問題から難しく感じました。	差分の和は難しいので、また復習してみてください。
encourage: 出遅れている感があり焦っています。	大丈夫ですよ、焦らず自分のペースで進めていきましょう。
encourage: 1年のプログラミング実習の成績が悪くまた理解力が遅いためなかなかついていくことができなかったので少し不安です。	大丈夫ですよ、ゆっくり取り組んで行きましょう。
encourage: ついていくことができなかったので少し1年のプログラミング実習の成績が悪くまた理解力が遅いためなかなか不安です。	大丈夫ですよ、ゆっくり取り組んで行きましょう。
encourage: これだ!と思って打ち込み結果にREが出てくるとやっぱりへこみますね...(涙)	そういう時もあります。諦めずに頑張っていきましょう。
encourage: REが出てくるとやっぱりこれだ!と思って打ち込み結果にへこみますね...(涙)	そういう時もあります。諦めずに頑張っていきましょう。
encourage: これだ!と思って打ち込み結果にへこみますね...(涙)	そういう時もあります。諦めずに頑張っていきましょう。
encourage: ランタイムエラーが何回か出てしまって困りました。	そういう時は、ゆっくりプログラムを確認しましょう。
encourage: 今週はいろいろ予定がたまりすぎて進みませんでした。	大丈夫ですよ、自分のペースで進めていきましょう。
encourage: エラーになったときの原因が分からないともやもやします。	そういう時は、落ち着いて見直しをしてみましょう。
encourage: なったときの原因が分からないともやもやエラーにします。	そういう時は、落ち着いて見直しをしてみましょう。
encourage: (Sx,Sy)からx軸までの直線の傾きの符号を逆にするとx軸から(Gx,Gy)までの直線の傾きになるので方程式を立てて解きましたが方程式を立てて変形するのに時間がかかってしまいました。	大丈夫ですよ、だんだん速くなっていきますよ。
encourage: 逆に(Sx,Sy)からx軸までの直線の傾きの符号を立てて変形するのになるので方程式をするとx軸から(Gx,Gy)までの直線の傾きに立てて解きましたが方程式を時間がかかってしまいました。	大丈夫ですよ、だんだん速くなっていきますよ。
encourage: するとx軸から(Gx,Gy)までの直線の傾きになるので方程式を逆に立てて変形するのに(Sx,Sy)からx軸までの直線の傾きの符号を立てて解きましたが方程式を時間がかかってしまいました。	大丈夫ですよ、だんだん速くなっていきますよ。
encourage: その週ごとに進めていけばいいと思っていましたが友人はかなり進んでいたので不安です。	大丈夫ですよ、焦らず自分のペースで進めていきましょう。
encourage: 進めていけばいいと思っていましたが友人はかなりその週ごとに進んでいたので不安です。	大丈夫ですよ、焦らず自分のペースで進めていきましょう。
encourage: その週ごとに進んでいたので不安です。	大丈夫ですよ、焦らず自分のペースで進めていきましょう。
encourage: プログラムをやっているとこれでできたか?と思ってもエラーになってしまってなかなか苦戦しています。	そういう時は、ゆっくり見直しをしてみましょう。
encourage: やっているとこれでできたか?と思ってもエラーにプログラムをなってしまってなかなか苦戦しています。	そういう時は、ゆっくり見直しをしてみましょう。
encourage: なってしまってなかなかやっているとこれでできたか?と思ってもエラーにプログラムを苦戦しています。	そういう時は、ゆっくり見直しをしてみましょう。
encourage: 差分の和とカエルの問題が難しいです。	難しい問題は、細かく分けて考えてみてはいかがですか？
encourage: 全くついていけないです。	大丈夫ですよ、自分のペースで進めていきましょう。
encourage: 去年は一人でプログラミングの授業を受けていたので不安だらけでした。	わからない部分は、声をかけてくださいね。
encourage: ビリヤードと秒針の問題はプログラミングがどうこう以前に数学力が試され中高で習った数学の知識を過去に置いてきた私にはかなりの苦戦を強いられました。	そういう時は、細かく分けながら考えてみてください。
encourage: 以前に過去に置いてきた私にはかなりの苦戦を数学力が試され中高で習った数学の知識をビリヤードと秒針の問題はプログラミングがどうこう強いられました。	そういう時は、細かく分けながら考えてみてください。
encourage: ビリヤードと秒針の問題はプログラミングがどうこう以前に過去にはかなりの苦戦を数学力が試され中高で習った数学の知識を置いてきた私に強いられました。	そういう時は、細かく分けながら考えてみてください。
encourage: 少しずつ慣れてきたいですPythonがすごく苦手で問題を解くスピードがかなり遅いのですが大丈夫でしょうか。	大丈夫ですよ、解いていけば速くなっていきますよ。
encourage: ずつ慣れてきたいですPythonがすごく苦手で問題を少し解くスピードがかなり遅いのですが大丈夫でしょうか。	大丈夫ですよ、解いていけば速くなっていきますよ。
encourage: 解くスピードがかなり少しずつ慣れてきたいですPythonがすごく苦手で問題を遅いのですが大丈夫でしょうか。	大丈夫ですよ、解いていけば速くなっていきますよ。
encourage: AtCoderの課題リストの反映がたまにおかしい時があるのできちんと先生にも反映されているか心配になることがあります。	そういう時は、先生に声をかけてみてください。
encourage: 先生におかしい時があるのできちんとも反映されているか心配にAtCoderの課題リストの反映がたまになることがあります。	そういう時は、先生に声をかけてみてください。
encourage: おかしい時があるのできちんと先生にAtCoderの課題リストの反映がたまにも反映されているか心配になることがあります。	そういう時は、先生に声をかけてみてください。
encourage: また自分の進め方が正しいのかなど不安になります。	大丈夫ですよ、自分のペースで進めていくことが大切です。
encourage: アップルパイとディスカウントをやって心折れました。	そういう時は、一旦他のことに取り組むのはいかがですか？
encourage: 何回もやり直しても正解にならないので大変だった。	そういう時は、細かく分けて考えてみてはいかがですか？
encourage: 課題の78にある文字列の問題について3桁の整数をリストにして考えてみたのですがエラーになってしまいわかりませんでした。	そういう時は、先生に聞いてみてくださいね。
encourage: ある文字列の問題について3桁の整数をして考えてみたのですがエラーに課題の78にリストになってしまいわかりませんでした。	そういう時は、先生に聞いてみてくださいね。
encourage: 課題の78にして考えてみたのですがエラーにリストにある文字列の問題について3桁の整数をなってしまいわかりませんでした。	そういう時は、先生に聞いてみてくださいね。
encourage: 20日は休講で特にやっていないため何も進んでいません。	大丈夫ですよ、自分のペースで進めていきましょう。
encourage: AtCoder演習問題はまだ進めていません。	大丈夫ですよ、焦らず自分のペースで進めていきましょう。
encourage: ちょくちょく進めないとと思うのですがパソコンを開こうという気持ちにならないことが理由だと思います。	コツコツ進めていくことが大切ですよ！
encourage: 開こうという気持ちに進めないとと思うのですがパソコンをちょくちょくならないことが理由だと思います。	コツコツ進めていくことが大切ですよ！
encourage: 進めないとと思うのですがパソコンを開こうという気持ちにちょくちょくならないことが理由だと思います。	コツコツ進めていくことが大切ですよ！
encourage: また最近気づいたどうでもいいことなのですがAtCoderユーザ名が明らかに自分すぎてAtCoder演習問題の進み具合がバレるかもと思い失敗したなと思いました。	大丈夫ですよ、自分のペースで進めていきましょう。
encourage: でもいいことなのですがAtCoderユーザ名が明らかにまた最近気づいたどう自分すぎてAtCoder演習問題の進み具合がバレるかもと思い失敗したなと思いました。	大丈夫ですよ、自分のペースで進めていきましょう。
encourage: colabでは「print」を使わずに実行することができるので使わずにそのままAtCoderで提出したら不正解になってしまっていたことになかなか気がつかなかった苦戦しました。	そういう時は、ゆっくりプログラムを確認しましょう。
encourage: なかなかAtCoderでそのまま使わずになってしまっていたことにcolabでは「print」を実行することができるので使わずに提出したら不正解に気がつかなかった苦戦しました。	そういう時は、ゆっくりプログラムを確認しましょう。
encourage: そのままなってしまっていたことに実行することができるので使わずになかなかAtCoderで使わずにcolabでは「print」を提出したら不正解に気がつかなかった苦戦しました。	そういう時は、ゆっくりプログラムを確認しましょう。
encourage: 第2回目の講義は進みませんでした。	大丈夫ですよ、ゆっくり取り組んで行きましょう。
encourage: 苦手ということもありやろうと思うまでに時間がかかってしまいます。	少しでも取り組んでいくのが良いですよ。
encourage: やっぱりプログラミング苦手で結構難しかったです。	大丈夫ですよ、自分のペースで進めていきましょう。
encourage: プログラミング苦手で結構やっぱり難しかったです。	大丈夫ですよ、自分のペースで進めていきましょう。
encourage: 角度でradiansを入れ忘れたりプログラミングを短くしないとWAになり続けたりすごく大変でした。	そういう時は、ゆっくりプログラムを確認しましょう。
encourage: 短くしないとWAに角度でradiansを入れ忘れたりプログラミングをなり続けたりすごく大変でした。	そういう時は、ゆっくりプログラムを確認しましょう。
encourage: 短くしないとWAに入れ忘れたりプログラミングを角度でradiansをなり続けたりすごく大変でした。	そういう時は、ゆっくりプログラムを確認しましょう。
encourage: でも頑張ったのでお腹がすきました!想像以上に授業の対面が始まったら忙しく進められる時間があまりありませんでした。	大丈夫ですよ、焦らず自分のペースで進めていきましょう。
encourage: 授業の対面が始まったら忙しく進められる時間があまりでも頑張ったのでお腹がすきました!想像以上にありませんでした。	大丈夫ですよ、焦らず自分のペースで進めていきましょう。
encourage: 慣れるまで少し時間がかかりそうです...	大丈夫ですよ、ゆっくり取り組んで行きましょう。
encourage: 2回の演習問題はあと三つです!Colabではちゃんと出力できてもAtCoderではエラーになってしまうものもあり難しいなと感じた。	そういう時は、ゆっくりプログラムを確認しましょう。
encourage: 出力できてもAtCoderではエラーに2回の演習問題はあと三つです!Colabではちゃんとなってしまうものもあり難しいなと感じた。	そういう時は、ゆっくりプログラムを確認しましょう。
encourage: 2回の演習問題はあと三つです!Colabではちゃんとなってしまうものもあり難しいなと感じた。	そういう時は、ゆっくりプログラムを確認しましょう。
encourage: 例題はできるがAtCoderでの実践問題となると厳しい。	そういう時は、ゆっくりプログラムを確認しましょう。
encourage: AtCoderに慣れないです。	ゆっくり慣れていきましょう。
encourage: まだAtCoderに慣れないです。	ゆっくり慣れていきましょう。
encourage: AtCoderにまだ慣れないです。	ゆっくり慣れていきましょう。
encourage: 今週は全くすすんでないです。	大丈夫ですよ、焦らず自分のペースで進めていきましょう。
encourage: すすんでないです。	大丈夫ですよ、焦らず自分のペースで進めていきましょう。
encourage: 毎回結果がでるまでにやや時間があるので緊張してしまう。	緊張せず、気楽に取り組んでください！
encourage: やや毎回結果がでるまでに時間があるので緊張してしまう。	緊張せず、気楽に取り組んでください！
encourage: 空いた時間に演習問題を少しずつ進めようと思っていたのですが具体的な目標を定めていなかったので結局だらけてしまいほとんど進められませんでした。	取り組む気持ちが大切ですよ！
encourage: 定めていなかったので結局だらけてしまいほとんどずつ進めようと思っていたのですが具体的な目標を少し演習問題を空いた時間に進められませんでした。	取り組む気持ちが大切ですよ！
encourage: ずつ進めようと思っていたのですが具体的な目標を空いた時間に少し定めていなかったので結局だらけてしまいほとんど演習問題を進められませんでした。	取り組む気持ちが大切ですよ！
encourage: 前回より少しだけ進んだ気がしますが応用になると難しくて解くことが難しいです。	だんだんと難しくなっているので、ゆっくり取り組んでいきましょう。
encourage: だけ進んだ気がしますが応用に前回より少しなると難しくて解くことが難しいです。	だんだんと難しくなっているので、ゆっくり取り組んでいきましょう。
encourage: atcorderのアカウントですが以前から作ってはいたもののログインすることができずまだ演習ができておりません。	そういう時は、先生に相談してみてください。
encourage: 倉光先生は優しいので出席していれば単位は取れるだろうという安心感に甘えてしまい第1回目の授業からやらなければいけないことがたまっている状況です( ́;ω;`)やっと1週目の課題が終わりました...!長かったですね	コツコツ進めていきましょう！
encourage: 甘えてしまい第1回目の授業からやらなければいけないことがたまっている状況です( ́;ω;`)やっと倉光先生は優しいので出席していれば単位は取れるだろうという安心感に1週目の課題が終わりました...!長かったですね	コツコツ進めていきましょう！
encourage: わかっていませんでした。	繰り返しは難しいので、また復習してみてください。
encourage: 今週は条件分岐の内容でしたが私は繰り返し文が苦手だったのでfor文やwhile文の違いがよくわかっていませんでした。	繰り返しは難しいので、また復習してみてください。
encourage: 実行時エラーや不正解の連続で気が折れてしまいそうです。	そういう時は、一旦他のことに取り組むのはいかがですか？
encourage: 初めの方は比較的スムーズに解き進めていましたが電源プラグなどで時間を取られてしまいました。	大丈夫ですよ、解いていくことでだんだん速くなりますよ。
encourage: 解き進めていましたが電源プラグなどで時間を初めの方は比較的取られてしまいました。	大丈夫ですよ、解いていくことでだんだん速くなりますよ。
encourage: 初めの方は比較的スムーズに取られてしまいました。	大丈夫ですよ、解いていくことでだんだん速くなりますよ。
encourage: 今日はPCの調子がおかしくColaboratoryが動かなかったりカーソルが動かせなかったりで全然進みませんでした。	そういう時は、無理せずできることをやってみてください。
encourage: わからない問題はどんどん飛ばしていってしまっているので前期終わり難しい問題しか残っていないのではと不安です。	大丈夫ですよ、だんだん解けるようになりますよ。
encourage: 星集めはちょっと難しいですAtCoderは50(おつり)まで進みました。	星集めは難しいので、また復習してみてください。
encourage: 最初の30問くらいよりも難しい問題が増えてきたように感じます。	だんだんと難しくなっているので、ゆっくり考えていきましょう。
encourage: 早い友人が多くて焦ってしまいました。	大丈夫ですよ、自分のペースで進めていきましょう。
encourage: 周りに早い友人が多くて焦ってしまいました。	大丈夫ですよ、自分のペースで進めていきましょう。
encourage: 第2回の範囲は行列までで両面印刷の途中で止まってしまっている状態です。	そんな時は、解ける問題から進めていきましょう。
encourage: 一昨日のABC199に参加しましたが1問目しか解けず心が折れました。	大丈夫ですよ、だんだん解けるようになりますよ。
encourage: 3.5の演習問題は消費税とソーシャルゲームに苦戦している。	消費税やソーシャルゲームは難しいので、ゆっくり考えてみてください。
encourage: リストの扱いが苦手で第4回テキスト内の例題を丁寧に進めていたら授業中に演習問題にたどり着かなかった。	リストは難しいので、ゆっくり進めていってください！
encourage: リストの扱いが苦手で第4回テキスト内の例題を進めていたら授業中に丁寧に演習問題にたどり着かなかった。	リストは難しいので、ゆっくり進めていってください！
encourage: 演習問題にリストの扱いが苦手で第4回テキスト内の例題を進めていたら授業中に丁寧にたどり着かなかった。	リストは難しいので、ゆっくり進めていってください！
encourage: B問題になると時間が掛かってしまいます。	だんだん解いていくことで速くなっていきますよ！
encourage: 預金が難しかったです。	預金は難しいので、また復習してみてください。
encourage: B問題が多くてかなりつまずきました。	B問題は難しいので、細かく分けて考えてみてください。
encourage: 今日は前回に比べて問題があまり進まなかった。	大丈夫ですよ、ゆっくり取り組んで行きましょう。
encourage: 比べて問題があまり今日は前回に進まなかった。	大丈夫ですよ、ゆっくり取り組んで行きましょう。
encourage: 例題の入力をして出力例が合っていたにも関わらずソースコードは間違っている判定をされた時にどこが間違っているのかを見つけるのが大変でした。	そういう時は、落ち着いて見直していきましょう。
encourage: 例題の入力をどこが間違っているのかをして出力例が合っていたにも関わらずソースコードは間違っている判定をされた時に見つけるのが大変でした。	そういう時は、落ち着いて見直していきましょう。
encourage: 例題の入力をして出力例が合っていたにどこが間違っているのかをも関わらずソースコードは間違っている判定をされた時に見つけるのが大変でした。	そういう時は、落ち着いて見直していきましょう。
encourage: 授業中に半分くらいしか進まないので毎回の課題が溜まってしまいます。	少しずつ進めていくと良いですよ。
encourage: 半分くらいしか進まないので毎回の課題が溜まってしまいます。	少しずつ進めていくと良いですよ。
encourage: また1回目の課題でどうしてもわからないところなど前の授業でできなかったところをどう解決したら良いかわかりません。	そういう時は、先生に声をかけてくださいね！
encourage: どうもわからないところなど前の授業でできなかったところをまた1回目の課題でどうして解決したら良いかわかりません。	そういう時は、先生に声をかけてくださいね！
encourage: もわからないところなど前の授業でできなかったところをまた1回目の課題でどうしてどう解決したら良いかわかりません。	そういう時は、先生に声をかけてくださいね！
encourage: 今日であれば友達は3回目の授業内容から進めるので聞きづらいです。	そういう時は、先生に声をかけてくださいね！
encourage: 大きい躓きというよりは小さいものなので先生にも対面ならいいですがオンラインだと聞きづらいです。	大丈夫ですよ、気にせず声をかけてみてください！
encourage: また改めてwhile、for構文に苦手意識があるなあと思いました。	苦手な部分は、ゆっくり復習をしながら進めていきましょう。
encourage: while、for構文にまた改めて苦手意識があるなあと思いました。	苦手な部分は、ゆっくり復習をしながら進めていきましょう。
encourage: AtCoderは出力のYESとYesの違いで何回も弾かれて大変でした。	問題文を確認しながら解いてみてくださいね。
encourage: 例題のお米の問題で問題の意味は分かったのですがプログラミングの内容でこのコードがこういう役割で何をやっているかというのがいまいちよく理解できておりません。	そういう時は、細かく分けて考えていきましょう。
encourage: 例題のお米の問題で問題の意味は分かったのですがプログラミングの内容でこのコードがこういう役割で何をよくやっているかというのがいまいち理解できておりません。	そういう時は、細かく分けて考えていきましょう。
encourage: 例題のお米の問題で問題の意味は分かったのですがプログラミングの内容でこのコードがこういう役割で何をやっているかというのがいまいち理解できておりません。	そういう時は、細かく分けて考えていきましょう。
encourage: 今日のzoomで周りの生徒の進捗状況が自分よりもだいぶ早そうでとても焦りました。	大丈夫ですよ、焦らず自分のペースで進めていきましょう。
encourage: 今日のzoomで早そうでとても周りの生徒の進捗状況が自分よりもだいぶ焦りました。	大丈夫ですよ、焦らず自分のペースで進めていきましょう。
encourage: 周りの生徒の進捗状況が自分よりもだいぶ今日のzoomで早そうでとても焦りました。	大丈夫ですよ、焦らず自分のペースで進めていきましょう。
encourage: 学校の遠隔用の教室でzoomを受講しているのだが全員静かに授業を聞いているのであまり声を出せる環境ではなくて困っている。	そういう時は、先生に相談してみてください。
encourage: 学校の遠隔用の教室でzoomを聞いているのであまり授業を声を受講しているのだが全員静かに出せる環境ではなくて困っている。	そういう時は、先生に相談してみてください。
encourage: 聞いているのであまり学校の遠隔用の教室でzoomを声を受講しているのだが全員静かに授業を出せる環境ではなくて困っている。	そういう時は、先生に相談してみてください。
encourage: てこずってしまいました。	開始時間の問題は難しいので、また復習してみてください。
encourage: 第二回の講義の範囲となってしまいますがコンテストの開始時間の問題が難しくてかなりてこずってしまいました。	開始時間の問題は難しいので、また復習してみてください。
encourage: 元々listが苦手なので他のものより進むのに時間がかかってます。	苦手な部分は、ゆっくり復習をしながら進めていきましょう。
encourage: listが苦手なので他のものより進むのに元々時間がかかってます。	苦手な部分は、ゆっくり復習をしながら進めていきましょう。
encourage: 今回の演習問題は前回よりは難易度が上がったと思いました。	だんだんと難しくなっているので、ゆっくり取り組んでいきましょう。
encourage: シミュレーションを使う預金は難しいと思いました。	そういう時は、細かく分けて考えていきましょう。
encourage: 使う預金は難しいと思いました。	そういう時は、細かく分けて考えていきましょう。
encourage: 今週の課題はなんだか難しくてあまり進めることができませんでした。	大丈夫ですよ、ゆっくり取り組んで行きましょう。
encourage: 今週の課題はなんだかスムーズに難しくてあまり進めることができませんでした。	大丈夫ですよ、ゆっくり取り組んで行きましょう。
encourage: 難しくてあまりスムーズに今週の課題はなんだか進めることができませんでした。	大丈夫ですよ、ゆっくり取り組んで行きましょう。
encourage: 今日の内容は30で詰まってしまったため25~31までしか進みませんでした。	大丈夫ですよ、自分のペースで進めていきましょう。
encourage: 今までif、whileを使うときは問題に条件文で書いてある場合や使って解きなさいと書かれている状況下でしかなかったので電気プラグの問題でどのように考えれば上手くたどり着くのか自力では思いつきませんでした。	そういう時は細かく分けて考えてみましょう。
encourage: 使うときは問題に今までif、whileを条件文で書いてある場合や使って解きなさいと書かれている状況下でしかなかったので電気プラグの問題でどのように考えれば上手くたどり着くのか自力では思いつきませんでした。	そういう時は細かく分けて考えてみましょう。
encourage: 条件文で書いてある場合や使って解きなさいと書かれている状況下でしかなかったので電気プラグの問題でどのように今までif、whileを使うときは問題に考えれば上手くたどり着くのか自力では思いつきませんでした。	そういう時は細かく分けて考えてみましょう。
encourage: 全体的に前回の問題よりも難しく感じました。	だんだんと難しくなっているので、ゆっくり取り組んでいきましょう。
encourage: filterの使い方が少し難しく感じました。	filterbは難しいのでまた復習してみてください。
encourage: Nが1000の場合も考えていたため式が少し複雑になってしまいました。	そんな時は、落ち着いて問題文を読んでみてくださいね。
encourage: 複雑にNが1000の場合も考えていたため式が少しなってしまいました。	そんな時は、落ち着いて問題文を読んでみてくださいね。
encourage: 複雑に1000の場合も考えていたため式が少しNがなってしまいました。	そんな時は、落ち着いて問題文を読んでみてくださいね。
encourage: 今日はなかなか疲れましたね...REやWAが来るとへこみます。	大丈夫ですよ、ゆっくり取り組んで行きましょう。
encourage: 疲れましたね...REやWAが来るとへこみます。	大丈夫ですよ、ゆっくり取り組んで行きましょう。
encourage: 難しくてかなり時間がかかってしまった。	大丈夫ですよ、自分のペースで進めていきましょう。
encourage: ゴールデンウィークはサボってしまってあんまり全然進みませんでした。	そういう時もありますよ。ゆっくり進めていきましょう。
encourage: 全然ゴールデンウィークはサボってしまってあんまり進みませんでした。	そういう時もありますよ。ゆっくり進めていきましょう。
encourage: 4の演習問題をやったのですがB問題が多く難しかったためいつもより進みが遅くなてしまいました。	大丈夫ですよ、解いていけば速くなっていきますよ。
encourage: やったのですがB問題が多く難しかったためいつも4の演習問題をより進みが遅くなてしまいました。	大丈夫ですよ、解いていけば速くなっていきますよ。
encourage: よりも難易度が高く難しかったです。	そういう時は、時間をかけて考えてみてください。
encourage: 演習問題がBやCばかりでいつもよりも難易度が高く難しかったです。	そういう時は、時間をかけて考えてみてください。
encourage: 難しくて全然進みませんでした。	大丈夫ですよ、ゆっくり取り組んで行きましょう。
encourage: ちょっと難しかったです。	そういう時は、細かく分けて考えていきましょう。
encourage: 齋藤千種さんに1問助けてもらいました!リストをまだ使いこなせず難しく感じた。	リストは難しいので、また復習してみてください。
encourage: まだ1問助けてもらいました!リストを齋藤千種さんに使いこなせず難しく感じた。	リストは難しいので、また復習してみてください。
encourage: 齋藤千種さんにまだ1問助けてもらいました!リストを使いこなせず難しく感じた。	リストは難しいので、また復習してみてください。
encourage: 興味があったので授業時間外に使用したところ何度もエラーを連発しとても悲しかったです。	そういう時もあありますよ。ゆっくり問題文を読んでみてくださいね。
encourage: 連発しとても興味があったので授業時間外に使用したところ何度もエラーを悲しかったです。	そういう時もあありますよ。ゆっくり問題文を読んでみてくださいね。
encourage: 使用したところ何度もエラーを興味があったので授業時間外に連発しとても悲しかったです。	そういう時もあありますよ。ゆっくり問題文を読んでみてくださいね。
encourage: わからない問題があった場合飛ばして解くのですがそうするとどのコードを使えばいいかわからなくなることがあります。	そういう時は、前後の問題の復習をしてみてはいかがですか？
encourage: 少しペースが遅かったためゴールデンウィークの間に進めたのですが同じルームの子に追いついただけだったので悔しいです。	自分のペースで進めていけば大丈夫ですよ。
encourage: ペースが遅かったためゴールデンウィークの間に進めたのですが同じルームの子に少し追いついただけだったので悔しいです。	自分のペースで進めていけば大丈夫ですよ。
encourage: 少しペースが遅かったためゴールデンウィークの間に追いついただけだったので悔しいです。	自分のペースで進めていけば大丈夫ですよ。
encourage: リストが難しく友達に教えてもらわないと中々進めることができなかったです。	リストは難しいので、ゆっくり考えながら進めてみてください。
encourage: 平均点難しかった。	平均点は難しいですね。また復習してみてください。
encourage: AtCoderを始めてからPythonの理解度が上がった気がします!・「4.リストと繰り返し」の演習問題はとても難しかったです。	リストは難しいので、また復習してみてください。
encourage: 始めてからPythonの理解度が上がった気がします!・「4.リストと繰り返し」の演習問題はとてもAtCoderを難しかったです。	リストは難しいので、また復習してみてください。
encourage: 特にfor文や演算系(+=など)を使うべき問題が難しかったです。	for文は難しいので、ゆっくり考えながら進めてみてください。
encourage: for文や演算系(+=など)を特に使うべき問題が難しかったです。	for文は難しいので、ゆっくり考えながら進めてみてください。
encourage: 何回も不正解が出てしまい心が折れそうになりました	そういう時は、一旦他のことに取り組むのはいかがですか？
encourage: 問題自体はクイズみたいでアルゴリズムを考えつくことは比較的容易なのですがコードで表現する部分に苦戦しています。	問題を重ねていけばコードで表現する力もついていきますよ！
encourage: 容易なのですがコードで表現する部分に考えつくことは比較的問題自体はクイズみたいでアルゴリズムを苦戦しています。	問題を重ねていけばコードで表現する力もついていきますよ！
encourage: 問題自体はクイズみたいでアルゴリズムを容易なのですがコードで表現する部分に考えつくことは比較的苦戦しています。	問題を重ねていけばコードで表現する力もついていきますよ！
encourage: 思うようにすらすらいかずこの時間内で課題リスト4~5問ほどしか進みませんでした。	大丈夫ですよ、自分のペースで進めていきましょう。
encourage: すらすら思うようにいかずこの時間内で課題リスト4~5問ほどしか進みませんでした。	大丈夫ですよ、自分のペースで進めていきましょう。
encourage: 思うようにいかずこの時間内で課題リスト4~5問ほどしか進みませんでした。	大丈夫ですよ、自分のペースで進めていきましょう。
encourage: これが何をしているのかよくわからなかった。	そういう時は、落ち着いて問題文を見直してみてください。
encourage: しているのかよくこれが何をわからなかった。	そういう時は、落ち着いて問題文を見直してみてください。
encourage: しているのかよくわからなかった。	そういう時は、落ち着いて問題文を見直してみてください。
encourage: 友達はもう30問目に進んでいると聞き少し焦り始めてきました。	大丈夫ですよ、自分のペースで進めていきましょう。
encourage: 進んでいると聞き少し30問目に友達はもう焦り始めてきました。	大丈夫ですよ、自分のペースで進めていきましょう。
encourage: 進んでいると聞き少し友達はもう30問目に焦り始めてきました。	大丈夫ですよ、自分のペースで進めていきましょう。
encourage: list使うの苦手です...。	listは難しいので、また復習してみてください。
encourage: 一問あたりにかかる時間が長くなってきました。	大丈夫ですよ、解いていけば速くなっていきますよ。
encourage: 周りに比べたらまだまだ進捗は遅いかもしれません。	大丈夫ですよ、自分のペースで進めていきましょう。
encourage: 比べたらまだまだ周りに進捗は遅いかもしれません。	大丈夫ですよ、自分のペースで進めていきましょう。
encourage: 周りに進捗は遅いかもしれません。	大丈夫ですよ、自分のペースで進めていきましょう。
encourage: リストのところをやっているのですがとても難しく感じました。	リストは難しいので、また復習してみてください。
encourage: やっているのですがとてもリストのところを難しく感じました。	リストは難しいので、また復習してみてください。
encourage: リストのところを難しく感じました。	リストは難しいので、また復習してみてください。
encourage: defを使うやり方を去年授業で確認してたはずなのですがあまり理解出来ていなかったらしく進みが遅くなりそうです。	そういう時は、時間をかけて復習してみてはいかがですか？
encourage: 使うやり方を去年授業で確認してたはずなのですがあまりdefを理解出来ていなかったらしく進みが遅くなりそうです。	そういう時は、時間をかけて復習してみてはいかがですか？
encourage: 去年授業で確認してたはずなのですがあまりdefを使うやり方を理解出来ていなかったらしく進みが遅くなりそうです。	そういう時は、時間をかけて復習してみてはいかがですか？
encourage: 前よりも授業内に進むスピードが遅くなっていると感じます。	だんだん解いていくことで速くなっていきますよ！
encourage: AはできるようにBとCは難しいなと思うことが多いです。	難しい時は、細かく分けて考えてみてください。
encourage: AはできるようになったけれどもまだBとCは難しいなと思うことが多いです。	難しい時は、細かく分けて考えてみてください。
encourage: なったけれどもまだAはできるようにBとCは難しいなと思うことが多いです。	難しい時は、細かく分けて考えてみてください。
encourage: 1年生の時もそうでしたがリストやfor文の内容に入ったころから一気に分からなくなってきてしまいました。	そういう時は、ゆっくり時間をかけて考えてみてください。
encourage: でしたがリストやfor文の内容に1年生の時もそう入ったころから一気に分からなくなってきてしまいました。	そういう時は、ゆっくり時間をかけて考えてみてください。
encourage: でしたがリストやfor文の内容に入ったころから一気に1年生の時もそう分からなくなってきてしまいました。	そういう時は、ゆっくり時間をかけて考えてみてください。
encourage: 例題は上手くできたがAtCoderで自分で考えるのが難しかった。	そういう時は、細かく分けて考えていきましょう。
encourage: 自分で考えるのが難しかった。	そういう時は、細かく分けて考えていきましょう。
encourage: リストが苦手で今週の講義は自分には難しかったです。	リストは難しいので、また復習してみてください。
encourage: は難しかったです。	リストは難しいので、また復習してみてください。
encourage: 第6回の演習問題の後半は複雑に感じて提出までに時間がかかった。	大丈夫ですよ、自分のペースで進めていきましょう。
encourage: 感じて提出までに第6回の演習問題の後半は複雑に時間がかかった。	大丈夫ですよ、自分のペースで進めていきましょう。
encourage: 特にグリッド圧縮と755にはかなり時間をかけているがまだ解けていない。	そんな時は、一旦他の問題に取り組んでみてはいかがですか？
encourage: はかなり特に時間をグリッド圧縮と755にかけているがまだ解けていない。	そんな時は、一旦他の問題に取り組んでみてはいかがですか？
encourage: かけているがまだ特にグリッド圧縮と755に時間をはかなり解けていない。	そんな時は、一旦他の問題に取り組んでみてはいかがですか？
encourage: テキストに載っていた再帰のプログラムは理解できたが演習問題へどう用いるかが分からず苦戦している。	そんな時は、細かく分けて考えてみてください。
encourage: 載っていた再帰のプログラムは理解できたが演習問題へどうテキストに用いるかが分からず苦戦している。	そんな時は、細かく分けて考えてみてください。
encourage: 話が難しくなってきました。	大丈夫ですよ、落ち着いて考えてみてください。
encourage: 少し話が難しくなってきました。	大丈夫ですよ、落ち着いて考えてみてください。
encourage: 難しい問題がありひとつの問題に時間をかけてしまいあまり進められなかった。	大丈夫ですよ、ゆっくり取り組んで行きましょう。
encourage: かけてしまいあまり難しい問題がありひとつの問題に時間を進められなかった。	大丈夫ですよ、ゆっくり取り組んで行きましょう。
encourage: 時間を難しい問題がありひとつの問題にかけてしまいあまり進められなかった。	大丈夫ですよ、ゆっくり取り組んで行きましょう。
encourage: 今週は全然手をつけることができませんでした。	そういう時もありますよ。ゆっくり進めていきましょう。
encourage: 手を今週は全然つけることができませんでした。	そういう時もありますよ。ゆっくり進めていきましょう。
encourage: だんだん内容が難しくなってきて一人では全く進められなくなってきて焦っています。	大丈夫ですよ、焦らず細かく分けて考えてみてください。
encourage: 内容が難しくなってきて一人では全くだんだん進められなくなってきて焦っています。	大丈夫ですよ、焦らず細かく分けて考えてみてください。
encourage: 友達に質問しずらくなってきた...。	先生に声をかけて大丈夫ですよ。
encourage: WAが連発でなかなかてこずっており2問しかACが出ていません。	大丈夫ですよ、落ち着いて考えてみてください。
encourage: 連発でなかなかWAがてこずっており2問しかACが出ていません。	大丈夫ですよ、落ち着いて考えてみてください。
encourage: c問題が増えてきて難しくなってきた。	c問題は難しいので、ゆっくり考えてみてください。
encourage: 二重誤差が難しかったです。	二重誤差は難しいので、また復習してみてください。
encourage: リストの範囲が難しく感じた。	リストは難しいので、また復習してみてください。
encourage: でも授業時間以外に練習しようとアットコーダーを開くまでがすごい腰が重いです。	コツコツ進めていくことが大切ですよ！
encourage: 練習しようとアットコーダーをでも授業時間以外に開くまでがすごい腰が重いです。	コツコツ進めていくことが大切ですよ！
encourage: でも授業時間以外に開くまでがすごい腰が重いです。	コツコツ進めていくことが大切ですよ！
encourage: 他にもこんな人がいるのか気になります。	自分のペースで進めていけば大丈夫ですよ。
encourage: もこんな人がいるのか気に他になります。	自分のペースで進めていけば大丈夫ですよ。
encourage: 今週はAtCoderをそんな進めることができませんでした。	大丈夫ですよ、自分のペースで進めていきましょう。
encourage: 見やすいように名前を入れたのですがどこがダメなのかよくわからないです。	そんな時は、落ち着いて見直してみましょう。
encourage: 見やすいように入れたのですがどこがダメなのかよく名前をわからないです。	そんな時は、落ち着いて見直してみましょう。
encourage: 名前を入れたのですがどこがダメなのかよく見やすいようにわからないです。	そんな時は、落ち着いて見直してみましょう。
encourage: 1年生の時に関数は触れる程度でしか学習していないので6の関数から難しく授業時間内ではあまり進みませんでした。	関数は難しいので、ゆっくり復習してみてください。
encourage: 関数は触れる程度でしか学習していないので6の関数から難しく授業時間内ではあまり1年生の時に進みませんでした。	関数は難しいので、ゆっくり復習してみてください。
encourage: 何度か考えたり手を動かしてみましたが難しくて正解することが出来ませんでした。	そういう時は一旦他の問題に取り組んでみるのも良いですよ。
encourage: 最初のほうはスラスラ解ける問題もありましたが非常に難しいと感じる問題が増えてきました。	ゆっくり時間をかけて取り組んでみてください。
encourage: 解ける問題もありましたが非常に最初のほうはスラスラ難しいと感じる問題が増えてきました。	ゆっくり時間をかけて取り組んでみてください。
encourage: 今は文字列に取り組んでいるのですが0から数えなくてはいけないことを忘れてしまったり組み合わせ方が難しいと思いました。	そういう時は問題を見直してから進めていきましょう！
encourage: 取り組んでいるのですが0から数えなくてはいけないことを今は文字列に忘れてしまったり組み合わせ方が難しいと思いました。	そういう時は問題を見直してから進めていきましょう！
encourage: 先週はあまりやる気が出ず解いた量も少なかったので進んでいる人との差が開いてしまったように感じました。	大丈夫ですよ、自分のペースで進めていきましょう。
encourage: やる気が出ず解いた量も少なかったので進んでいる人との差が開いてしまったように先週はあまり感じました。	大丈夫ですよ、自分のペースで進めていきましょう。
encourage: 毎回あまり進まず時間がかかってしまうのを何とかしたいです。	コツコツ続けていけば、だんだん速くなっていきますよ。
encourage: 進まず時間がかかってしまうのを毎回あまり何とかしたいです。	コツコツ続けていけば、だんだん速くなっていきますよ。
encourage: 毎回あまり何とか進まず時間がかかってしまうのをしたいです。	コツコツ続けていけば、だんだん速くなっていきますよ。
encourage: 進めることができませんでした。	そういう時は、無理しないことが大切です。
encourage: 感謝!!今週は体調が悪くてなかなか進めることができませんでした。	そういう時は、無理しないことが大切です。
encourage: 文字列の置き換えの問題が難しかったです。	文字列の置き換えは難しいのでゆっくり考えてみてください。
encourage: やはり例年通り最初のころのやる気がなくなってしまう...。	毎日少しでも取り組んで行きましょう！
encourage: 内容が懐かしいものばかりで自分やらなすぎだなと感じました。	大丈夫ですよ、自分のペースで進めていきましょう。
encourage: いつも難しいなと思っていましたが関数はやはりもっと難しくエラーをたくさん繰り返しました。	関数は難しいので、ゆっくり取り組んでみてください。
encourage: 難しくエラーをもっと難しいなと思っていましたが関数はやはりいつもたくさん繰り返しました。	関数は難しいので、ゆっくり取り組んでみてください。
encourage: いつももっと難しくエラーを難しいなと思っていましたが関数はやはりたくさん繰り返しました。	関数は難しいので、ゆっくり取り組んでみてください。
encourage: 友達と話しながらやると面白いな解けるなと思うことがあり解けると次の問題に行こうと思えるのですが一人でやると1問で疲れてなかなか次の問題に進めない気がしました。	そういう時は、無理せず少しずつ進めていきましょう。
encourage: 行こうと思えるのですが一人でやると1問で疲れてなかなか友達と話しながらやると面白いな解けるなと思うことがあり解けると次の問題に次の問題に進めない気がしました。	そういう時は、無理せず少しずつ進めていきましょう。
encourage: 行こうと思えるのですが一人でやると1問で疲れてなかなか次の問題に友達と話しながらやると面白いな解けるなと思うことがあり解けると次の問題に進めない気がしました。	そういう時は、無理せず少しずつ進めていきましょう。
encourage: しかし第6回はあまり数をこなせなかったことが影響しているのか以前までは複雑な問題でもすぐに解法がひらめいていたのですが第6回はひらめきが若干遅くなった気がしています。	だんだんと難しくなっているので、ゆっくり考えていきましょう。
encourage: にこなせなかったことが影響しているのか以前までは複雑な問題でもすぐしかし第6回はあまり数を解法がひらめいていたのですが第6回はひらめきが若干遅くなった気がしています。	だんだんと難しくなっているので、ゆっくり考えていきましょう。
encourage: しかし第6回はあまり数をにこなせなかったことが影響しているのか以前までは複雑な問題でもすぐ解法がひらめいていたのですが第6回はひらめきが若干遅くなった気がしています。	だんだんと難しくなっているので、ゆっくり考えていきましょう。
encourage: あまり進みませんでした。	大丈夫ですよ、自分のペースで進めていきましょう。
encourage: だんだんと番号が大きくなるにつれ内容も重くなってきていると感じます。	だんだんと難しくなっているので、ゆっくり取り組んでいきましょう。
encourage: と番号が大きくなるにつれ内容も重くなってきていると感じます。	だんだんと難しくなっているので、ゆっくり取り組んでいきましょう。
encourage: また土曜日にABCに参加しましたがA問題しか解けませんでした...	大丈夫ですよ、ゆっくり取り組んで行きましょう。
encourage: ABCにまた土曜日に参加しましたがA問題しか解けませんでした...	大丈夫ですよ、ゆっくり取り組んで行きましょう。
encourage: わからないところを飛ばしてどんどん進んでしまっているので進捗はあまりよくないと思います。	そんな時は、ぜひどこかで昔の問題に戻ってみてくださいね。
encourage: 進んでしまっているので進捗はあまりわからないところを飛ばしてどんどんよくないと思います。	そんな時は、ぜひどこかで昔の問題に戻ってみてくださいね。
encourage: 進んでしまっているので進捗はあまり飛ばしてどんどんわからないところをよくないと思います。	そんな時は、ぜひどこかで昔の問題に戻ってみてくださいね。
encourage: 難しいです。	大丈夫ですよ、ゆっくり取り組んで行きましょう。
encourage: 先週に比べかなり難しかったです。	だんだんと難しくなっているので、ゆっくり考えていきましょう。
encourage: 比べかなり先週に難しかったです。	だんだんと難しくなっているので、ゆっくり考えていきましょう。
encourage: C問題は実行時間超過になってしまい悔しかったです。	時間をおいてまた取り組んでみてはいかがですか？
encourage: 今週はあまりできませんでした。	大丈夫ですよ、自分のペースで進めていきましょう。
encourage: 関数難しいです。	関数は難しいので、ゆっくり復習してみてください。
encourage: わかったようで分からない	そういう時は、細かく分けて考えていきましょう。
encourage: 最近自分一人で解ける問題が全然なくて焦っています。	大丈夫ですよ、取り組んでいけばだんだんできるようになりますよ。
encourage: 関数難しかったです。	関数は難しいので、ゆっくり考えてみてください。
encourage: 関数を使い慣れていないので難しかったです。	関数は難しいので、また取り組んでみてください。
encourage: 関数難しいです。	関数は難しいので、また復習してみてください。
encourage: 「こうやって解くのか!」という発見も学習であることは承知している重々承知のですが誰かの発想をほぼそのまま拝借するのもちょっと悔しいです。	色々な知識をつけることで自分の力になっていきますよ。
encourage: ほぼそのままやって解くのか!」という発見も学習であることは承知している重々承知のですが誰かの発想を拝借するのもちょっと「こう悔しいです。	色々な知識をつけることで自分の力になっていきますよ。
encourage: やって解くのか!」という発見も学習であることは承知している重々承知のですが誰かの発想をほぼ「こうそのまま拝借するのもちょっと悔しいです。	色々な知識をつけることで自分の力になっていきますよ。
encourage: 今日の関数はとても難しかったです。	関数は難しいので、また考えてみてください。
encourage: すべての授業が終わってるまでに問題が解き終わる気がしないです。	自分のペースで進めていきましょう。
encourage: 問題が解き終わる気がしないです。	自分のペースで進めていきましょう。
encourage: だんだん問題が難しくなっていく中での正解問題数が38なのでペースが周りより遅いことはわかっていたのですが不安が大きくなってきました。	焦らず、コツコツ取り組んでみてください。
encourage: 今までの範囲でも難しいなぁと感じていたのに関数という新たな強敵も出てきて世も末って感じです。	関数は難しいので、ゆっくり復習してみてください。
encourage: 実際にやってみても難しくて鬱になりそうです。	そんな時は、時間をおいて取り組んでみてはいかがですか？
encourage: やってみても難しくて鬱に実際になりそうです。	そんな時は、時間をおいて取り組んでみてはいかがですか？
encourage: やってみても難しくて鬱にに実際なりそうです。	そんな時は、時間をおいて取り組んでみてはいかがですか？
encourage: 悔しいです。	大丈夫ですよ、ゆっくり取り組んで行きましょう。
encourage: 内容が難しい。	そんな時は、細かく分けて取り組んでみてください。
encourage: 今週の内容とても難しかったです。	そんな時は、落ち着いて少しずつ考えてみてください。
encourage: ほかの科目の課題が多すぎて泣けます。	コツコツ進めていきましょう！
encourage: 総まとめ復習みたいな問題が多いなと思ったのですがやはりリストとか文字列とかが苦手だなと感じてしまいました...	苦手な部分は、復習しながら進めていきましょう。
encourage: 少し難しくなってきた。	ゆっくり取り組んでみてください。
encourage: 難しいです。	そんな時は、細かく分けて考えてみてください。
encourage: 次回からのアルゴリズムがとても不安です。	不安に思わず、落ち着いて取り組んでみてください。
encourage: 不安です。	不安に思わず、落ち着いて取り組んでみてください。
encourage: 今回の授業はAtCoder行き詰りました。	そんな時は、一旦他のことをやってみてはいかがですか？
encourage: AtCoderのペースが難しくなって落ちてきました...。	ゆっくりでもコツコツ続けることが大切ですよ。
encourage: は難しい。	そんな時は、細かく分けて取り組んでみてください。
encourage: 私には難しい。	そんな時は、細かく分けて取り組んでみてください。
encourage: アンケートに目標が150問と書きましたが現在60問ほどしか進んでおらず来週からアルゴリズムにまずいな、、と思いました。	焦らず、自分のペースで進めていきましょう。
encourage: 目標が150問と書きましたが現在60問ほどしか進んでおらず来週からアルゴリズムにアンケートになるのにまずいな、、と思いました。	焦らず、自分のペースで進めていきましょう。
encourage: アンケートに目標が150問と書きましたが現在60問ほどしか進んでおらず来週からアルゴリズムになるのにまずいな、、と思いました。	焦らず、自分のペースで進めていきましょう。
encourage: 毎週少しずつやっているつもりでも後れを取っているなという感じなので頑張ります!!!!!昨日中間アンケートに答えた後いつまでも鬱だ鬱だ言っててもよくないよなぁと思い夜にプログラミングに取り組みました。	毎日少ずつ進めるのがオススメですよ。
encourage: 取っているなという感じなので頑張ります!!!!!昨日中間アンケートにずつやっているつもりでも後れをプログラミングに毎週少し答えた後いつまでも鬱だ鬱だ言っててもよくないよなぁと思い夜に取り組みました。	毎日少ずつ進めるのがオススメですよ。
encourage: 毎週少しずつやっているつもりでも後れを答えた後いつまでも鬱だ鬱だ言っててもよくないよなぁと思い夜に取っているなという感じなので頑張ります!!!!!昨日中間アンケートにプログラミングに取り組みました。	毎日少ずつ進めるのがオススメですよ。
encourage: 第8章から解説を見ながらでないと解けなくなってきていて焦ります。	焦らず、じっくり考えてみてください。
encourage: 今後が心配です。	大丈夫ですよ、ゆっくり取り組んで行きましょう。
encourage: 目標は100問ですがこれからもっと難しくなるだろうし目標を達成できるか心配です。	大丈夫ですよ、自分のペースで進めていきましょう。
encourage: 目標は100問ですがこれから難しくなるだろうし目標をもっと達成できるか心配です。	大丈夫ですよ、自分のペースで進めていきましょう。
encourage: 難しくなるだろうし目標をもっと達成できるか心配です。	大丈夫ですよ、自分のペースで進めていきましょう。
encourage: 難しい問題に1時間半くらい取り組んだが結局解けなくて悔しい。	一旦時間をおいて考えてみたら、解けるかもしれませんよ。
encourage: また今回の範囲はB問題でも他の人の解答を見ないとわからないようなものがありまだまだ全然だなあと思った。	今回の範囲は難しかったので、また取り組んでみてください。
encourage: 見ないとわからないようなものがありまだまだ全然また今回の範囲はB問題でも他の人の解答をだなあと思った。	今回の範囲は難しかったので、また取り組んでみてください。
encourage: また今回の範囲はB問題でも他の人の解答を見ないとわからないようなものがありまだまだだなあと思った。	今回の範囲は難しかったので、また取り組んでみてください。
encourage: AtCoderの方は最近進みが悪くなりました!!難しくなってきました、	時間をかけて問題を解いていくことも大切ですよ！
encourage: 元々進捗が他の方よりもかなり遅いので心配です。	自分のペースで頑張っていきましょう！
encourage: 進捗が他の方よりもかなり元々遅いので心配です。	自分のペースで頑張っていきましょう！
encourage: 達成できるか不安です...。	コツコツ進めていけば大丈夫ですよ！
encourage: だんだん難しくなってきているとひしひしと感じています。	そんな時は、ゆっくりと取り組んでみてください。
encourage: 難しくなってきているとひしひしだんだんと感じています。	そんな時は、ゆっくりと取り組んでみてください。
encourage: 入り難しいな、、と感じています。	アルゴリズムは難しいので、時間をかけて考えてみてください。
encourage: アルゴリズムについての内容に入り難しいな、、と感じています。	アルゴリズムは難しいので、時間をかけて考えてみてください。
encourage: 論理式が難しくてなかなか解けないです。	論理式は難しいですよね、ゆっくり考えてみてください。
encourage: AtCoderでは2問目からつまづいてしまいました。	そんな時は、一旦昔の問題を解いてみてはいかがですか？
encourage: 二乗誤差で見事に沼りました。	二乗誤差は難しいですよね、ゆっくり考えてみてください。
encourage: 次第に数学的にも難しい内容になってきているので難しいです。	そんな時は、細かく分けて考えてみてください。
encourage: も難しい内容に次第に数学的になってきているので難しいです。	そんな時は、細かく分けて考えてみてください。
encourage: 次第にも難しい内容に数学的になってきているので難しいです。	そんな時は、細かく分けて考えてみてください。
encourage: そこから自分なりにコードを記述するようになりましたが自分で問題を解いたわけではないのでそれを提出してACをもらってもいいのか少し不安になるときがあります。	大丈夫ですよ、一旦自分の中に落とし込んで解くことが大切です。
encourage: もらってもいいのか少しコードを提出してACを記述するようにそこから自分なりに解いたわけではないのでそれを不安になりましたが自分で問題をなるときがあります。	大丈夫ですよ、一旦自分の中に落とし込んで解くことが大切です。
encourage: 解いたわけではないのでそれをもらってもいいのか少し提出してACをコードを不安になりましたが自分で問題をそこから自分なりに記述するようになるときがあります。	大丈夫ですよ、一旦自分の中に落とし込んで解くことが大切です。
encourage: 入力例を試して出力例が正しく出たとしても実際提出するとWAで返ってくることが今回の第9回の演習問題では特に多く苦戦しています。	そんな時は、ゆっくり問題を見直してみてください。
encourage: も実際入力例を試して出力例が正しく出たとして提出するとWAで返ってくることが今回の第9回の演習問題では特に多く苦戦しています。	そんな時は、ゆっくり問題を見直してみてください。
encourage: 提出するとWAで返ってくることが今回の第9回の演習問題では特に入力例を試して出力例が正しく出たとしても実際多く苦戦しています。	そんな時は、ゆっくり問題を見直してみてください。
encourage: 13日のABC、C問題まで解けたが振り返ってみるとびっくりするほどややこしいやり方で解いていて後悔した。	まずは解けたことが大切です。
encourage: 今週先週と全然進みませんでした、心配です。	そんな時は、一旦前に戻って進めてみてください。
encourage: 毎回割と苦労してます、。	地道に取り組むことが大切ですよ。
encourage: 皆さん早く出来ているのかと思うと心配です。	自分のペースで進めていきましょう。
encourage: その後そもそも余りが繰り返されることに気づいてなぜ気づかなかったのかとショックを受けました。	そういう時もありますよ。落ち着いて問題を見てみましょう。
encourage: 気づかなかったのかとショックを気づいてなぜその後そもそも余りが繰り返されることに受けました。	そういう時もありますよ。落ち着いて問題を見てみましょう。
encourage: 気づいてなぜ気づかなかったのかとショックをその後そもそも余りが繰り返されることに受けました。	そういう時もありますよ。落ち着いて問題を見てみましょう。
encourage: 解けていない問題を進めていこうとしていますが解ける問題がだんだんなくなってきていて焦っています。	そんな時は、少し離れてみてはいかがですか。
encourage: 進めていこうとしていますが解ける問題がだんだん解けていない問題をなくなってきていて焦っています。	そんな時は、少し離れてみてはいかがですか。
encourage: ・198 POW?今回解いた問題の判定がTELばかりでメンタルがやられました。	そんな日もありますよ。落ち着いて考えてみてください。
encourage: 周りの人が進んでいると思うと焦ってしまいます。	自分のペースで頑張っていきましょう！
encourage: A問題はすらすら解けるように解けないので焦ってます。	焦らず、じっくり考えてみてください。
encourage: A問題はすらすらなったがB問題が全然解けるように解けないので焦ってます。	焦らず、じっくり考えてみてください。
encourage: 解けるようにA問題はすらすらなったがB問題が全然解けないので焦ってます。	焦らず、じっくり考えてみてください。
encourage: 関数が苦手なので理解するのが難しかったです。	関数は難しいので、また復習してみてください。
encourage: すぐ解けそうな問題はおおよそ解いてしまったのでペースが落ちそうです...。	コツコツ続けていくことが大切ですよ。
encourage: 解けそうな問題はおおよそすぐ解いてしまったのでペースが落ちそうです...。	コツコツ続けていくことが大切ですよ。
encourage: 難しくて歯が立ちませんでした。	そんな時は、一旦昔の問題を解いてみてはいかがですか？
encourage: 最初の4問だけ解けましたがそれ以降は本当に難しくて歯が立ちませんでした。	そんな時は、一旦昔の問題を解いてみてはいかがですか？
encourage: アルゴリズムはやっぱり難しいです。	アルゴリズムは難しいので、ゆっくり取り組んでみてくださいね。
encourage: c問題はやることが多くて大変です	やることが多い時は細かく分けて考えてみてください。
encourage: かなり遅れているので不安ですが頑張ります。	自分のペースで落ち着いてやっていきましょう。
encourage: 遅れているので不安ですが頑張ります。	自分のペースで落ち着いてやっていきましょう。
encourage: 頑張って考えていたのですが考えるべき例外が多すぎて挫折しました。	一旦時間をおいてまた考えてみてください！
encourage: スマホ中毒を頑張って考えていたのですが考えるべき例外が多すぎて挫折しました。	一旦時間をおいてまた考えてみてください！
encourage: 最近1問解くのに時間がかかってなかなか進みません。	粘り強く取り組めば、だんだん速くなりますよ。
encourage: 時間がかかってなかなか最近1問解くのに進みません。	粘り強く取り組めば、だんだん速くなりますよ。
encourage: 時間を見つけて楽しく解いてはいますが目標のACの数に届くか心配になってきました。	楽しく解くことが一番なので、そのままコツコツ続けていきましょう！
encourage: 届くか心配に時間を見つけて楽しく解いてはいますが目標のACの数になってきました。	楽しく解くことが一番なので、そのままコツコツ続けていきましょう！
encourage: 時間を届くか心配に見つけて楽しく解いてはいますが目標のACの数になってきました。	楽しく解くことが一番なので、そのままコツコツ続けていきましょう！
encourage: 簡単な並び替えなら簡単だが複雑になるとわからなくなる。	並び替えは難しいので、細かく分けて考えてみてください。
encourage: 毎日AtCoderをやる習慣がせっかくついたのにくじけそうです。	くじけず、一日1問でも取り組んでみてください。
encourage: やる習慣がせっかくついたのに毎日AtCoderをくじけそうです。	くじけず、一日1問でも取り組んでみてください。
encourage: やる習慣がせっかく毎日AtCoderをついたのにくじけそうです。	くじけず、一日1問でも取り組んでみてください。
encourage: 先週先々週に引き続き全然進んでなくてより腰が重くなっています。	そんな時は、一旦昔の問題に取り組んでみてはいかがですか？
encourage: 先週先々週に進んでなくてより引き続き全然腰が重くなっています。	そんな時は、一旦昔の問題に取り組んでみてはいかがですか？
encourage: 進んでなくてより引き続き全然先週先々週に腰が重くなっています。	そんな時は、一旦昔の問題に取り組んでみてはいかがですか？
encourage: どうしても思いつかず他の人が解答したプログラムを見てprintで途中を表示しながらこういう流れだと理解することが増えていて自分の力になっているのかが不安です。	内容を理解することで自分の力にしていくことができますよ。
encourage: 見てprintでどうしても表示しながらこういう流れだと理解することが増えていて自分の力に途中を思いつかず他の人が解答したプログラムをなっているのかが不安です。	内容を理解することで自分の力にしていくことができますよ。
encourage: どうしても見てprintで思いつかず他の人が解答したプログラムを途中を表示しながらこういう流れだと理解することが増えていて自分の力になっているのかが不安です。	内容を理解することで自分の力にしていくことができますよ。
encourage: 週に解くスピードもやる気も落ちてきてしまっているのが最近の悩みです。	そんな時は、一休みしてみてはいかがですか？
encourage: どうすればまたやる気になれるのでしょうか。	一旦、他のことに取り組んでみるのもオススメですよ。
encourage: すればまたやる気にどうなれるのでしょうか。	一旦、他のことに取り組んでみるのもオススメですよ。
encourage: どうなれるのでしょうか。	一旦、他のことに取り組んでみるのもオススメですよ。
encourage: だんだんとプログラミングの内容が複雑になってきて考えるのに苦労します。	複雑な問題は、細かく分けて解いてみてください。
encourage: なってきて考えるのにとプログラミングの内容が複雑にだんだん苦労します。	複雑な問題は、細かく分けて解いてみてください。
encourage: とプログラミングの内容が複雑にだんだんなってきて考えるのに苦労します。	複雑な問題は、細かく分けて解いてみてください。
encourage: アルゴリズムに入ってから問題が難しくなりAtCoderに取り組むのに腰が重たくなってきました。	アルゴリズムは難しいので、とりあえず1問というように少しずつ取り組んでみてください。
encourage: 入ってから問題が難しくなりAtCoderにアルゴリズムに取り組むのに腰が重たくなってきました。	アルゴリズムは難しいので、とりあえず1問というように少しずつ取り組んでみてください。
encourage: アルゴリズムに取り組むのに入ってから問題が難しくなりAtCoderに腰が重たくなってきました。	アルゴリズムは難しいので、とりあえず1問というように少しずつ取り組んでみてください。
encourage: 第9回の問題がCが多くて苦戦し時間がかかってしまいました。	第9回は難しいので、大丈夫ですよ。
encourage: 教わってようやく1問、という感じです。	1問ずつの積み重ねが大事ですよ
encourage: 一つ一つに進めることが出来ないので最終どのくらい終わらせられることが出来るのか不安です。	積み重ねていけば、スピードも速くなっていきますよ。
encourage: かける時間が増えてきてしまいあまり一つ一つに進めることが出来ないので最終どのくらい終わらせられることが出来るのか不安です。	積み重ねていけば、スピードも速くなっていきますよ。
encourage: 一つ一つにかける時間が増えてきてしまいあまり進めることが出来ないので最終どのくらい終わらせられることが出来るのか不安です。	積み重ねていけば、スピードも速くなっていきますよ。
encourage: ・アルゴリズムになってからすごく問題が難しくなってきたと感じます。	アルゴリズムは難しいので、ゆっくり取り組んでみてくださいね。
encourage: アルゴリズム難しいです。	アルゴリズムは難しいので、ゆっくり考えてみてください。
encourage: 分からなくて他の人のコード参考にしようと思っても全然理解できなくてやばいって思ってます。	そういう時は、いろいろなコードを参考にしてみてください。
encourage: しようと思っても全然分からなくて他の人のコード参考に理解できなくてやばいって思ってます。	そういう時は、いろいろなコードを参考にしてみてください。
encourage: ほかの中間試験が一通り終わったのでこの授業も本腰入れておこうと思います関数が入ってから全然進みますん。	関数は難しいので、ゆっくり考えてみてください。
encourage: メンタルがやられそうですが頑張ります。	自分のペースで頑張っていきましょう！
encourage: かなり難しかったですあきらめました。	そんな時は、一旦前に戻って復習してみてはいかがですか？
encourage: 正直ここら辺からついていけるか心配です。	ゆっくり取り組めば、大丈夫です！
encourage: すごく難しそうです。	やってみたらできるかもしれませんよ、チャレンジしてみてください。
encourage: だんだん授業の解説時間が長くなっていき難しくなってきたなと思っております。	難しく感じたら、少し昔に戻って復習してみてください。
encourage: 今日もAtCoderを手詰まり状態でした。	そんな時は、昔の問題に戻ってみてはいかがですか？
encourage: やりましたがほとんど今日もAtCoderを手詰まり状態でした。	そんな時は、昔の問題に戻ってみてはいかがですか？
encourage: 今日もAtCoderをやりましたがほとんど手詰まり状態でした。	そんな時は、昔の問題に戻ってみてはいかがですか？
encourage: アルゴリズムになってからの演習問題はほぼ手が付けられなくて今まで飛ばしていた問題を解いていたのですがそれも難しくて思うように進みませんでした。	アルゴリズムは、難しいのでゆっくり向き合ってみてください。
encourage: アルゴリズムになってからの演習問題はほぼ解いていたのですがそれも難しくて思うように手が付けられなくて今まで飛ばしていた問題を進みませんでした。	アルゴリズムは、難しいのでゆっくり向き合ってみてください。
encourage: なってからの演習問題はほぼアルゴリズムに手が付けられなくて今まで飛ばしていた問題を解いていたのですがそれも難しくて思うように進みませんでした。	アルゴリズムは、難しいのでゆっくり向き合ってみてください。
encourage: アルゴリズムが本当に難しいです。	アルゴリズムは難しいので、時間をあけて再度取り組んでみてください。
encourage: AtCoder進んでないです。	毎日少しでも取り組んでみてください。
encourage: 全然AtCoder進んでないです。	毎日少しでも取り組んでみてください。
encourage: プログラミングが長く複雑になってきていて大変だと感じました。	長いときは、細かく分けてやってみてください。
encourage: 今週も中々進まなくて辛いです、。	コツコツ続けていけば、いつか進む時が来ますよ。
encourage: 入ってやってる人とやってない人で差ができていてやばいなと思いました。	自分のペースで落ち着いてやっていきましょう。
encourage: 後半に入ってやってる人とやってない人で差ができていてやばいなと思いました。	自分のペースで落ち着いてやっていきましょう。
encourage: 難しいです	大丈夫ですよ、落ち着いて考えてみてください。
encourage: 内容が難しくなって思うように進まなくなった。	そんなときには、一旦前に戻って考えてみてください。
encourage: 暑くなってから夏バテ気味であまりやる気がなくなった。	夏バテには、睡眠、運動、食事ですよ！
encourage: やる気がなくなった。	夏バテには、睡眠、運動、食事ですよ！
encourage: 一周間で10問ペースと考えると参ってしまいます。	細かく取り組んでいきましょう。
encourage: 全然遅れが巻き返せないです。	コツコツ進めていきましょう。
encourage: もう150問終わった人がいると知りへこみました。	大丈夫ですよ、自分のペースで進めてみてください。
encourage: 今回の範囲は難しく進まなかった。	今回の範囲は難しかったので、復習してみてください。
encourage: 段々難しくなっていくのと他の科目の期末が近づいてきたことも重なり自分のペースが落ちていることに焦りを感じます。	ペースが落ちても少しずつ進めていきましょう。
encourage: 段々焦りを難しくなっていくのと他の科目の期末が近づいてきたことも重なり自分のペースが落ちていることに感じます。	ペースが落ちても少しずつ進めていきましょう。
encourage: 焦りを難しくなっていくのと他の科目の期末が近づいてきたことも重なり自分のペースが落ちていることに段々感じます。	ペースが落ちても少しずつ進めていきましょう。
encourage: やばいやばいと思いつつ全然進めない自分が嫌に付けていいかわかりませんあと三回なので最後まで頑張っていきたいと思います。	そんな時は、一回前に戻ってみてください。
encourage: やばいやばいと思いつつ全然なります難しくて何から手を進めない自分が嫌に付けていいかわかりませんあと三回なので最後まで頑張っていきたいと思います。	そんな時は、一回前に戻ってみてください。
encourage: やばいやばいと思いつつ全然進めない自分が嫌になります難しくて何から手を付けていいかわかりませんあと三回なので最後まで頑張っていきたいと思います。	そんな時は、一回前に戻ってみてください。
encourage: 別の話になってしまうのですが後期の計算機数学は対面でやりますか?あと残り3回と知って焦っています。	焦らず、ゆっくり取り組んでみてください。
encourage: python進めるやる気が出なくなったのですがそろそろテストも終わりまた期末が来てしまうので今のうちに頑張らなくてはならないなと思います。	やる気がなくなったときには、一旦甘いものなどをとって休んでみては？
encourage: テストも終わりまた期末が来てしまうので今のうちにpython進めるやる気が出なくなったのですがそろそろ頑張らなくてはならないなと思います。	やる気がなくなったときには、一旦甘いものなどをとって休んでみては？
encourage: 初めのころと比べて問題が難しくなっていき進みが遅くなったことを実感しています。	難易度が上がったので、自分のペースで進めていってください。
encourage: コンテンツのところに基準を示したものをあげて頂けませんか?今回も難しくなかなか進みませんでした。	ゆっくり自分のペースで進めていきましょう。
encourage: 示したものをあげて頂けませんか?今回も難しくなかなかコンテンツのところに基準を進みませんでした。	ゆっくり自分のペースで進めていきましょう。
encourage: 示したものをコンテンツのところに基準をあげて頂けませんか?今回も難しくなかなか進みませんでした。	ゆっくり自分のペースで進めていきましょう。
encourage: 特に「81」と「ケーキとドーナッツ」の問題がなかなかうまくいかず悩みました	81もケーキとドーナッツも難しいので取り組んでいってえらいです！
encourage: 「81」と「ケーキとドーナッツ」の問題がなかなか特にうまくいかず悩みました	81もケーキとドーナッツも難しいので取り組んでいってえらいです！
encourage: 特にうまくいかず悩みました	81もケーキとドーナッツも難しいので取り組んでいってえらいです！
encourage: なかなかアルゴリズムになってから思うように進まないのですがゆっくり焦らずやろうと思いました。	いいことですね、ゆっくり焦らずやっていきましょう。
encourage: なかなかなってから思うように進まないのですがゆっくりアルゴリズムに焦らずやろうと思いました。	いいことですね、ゆっくり焦らずやっていきましょう。
encourage: 進まないのですがゆっくりなってから思うようにアルゴリズムになかなか焦らずやろうと思いました。	いいことですね、ゆっくり焦らずやっていきましょう。
encourage: ラストスパートなのに先週に引き続きやる気が起きなくて危機を感じてます。	とりあえず取り組んでみましょう！
encourage: 引き続きやる気が起きなくて危機をラストスパートなのに先週に感じてます。	とりあえず取り組んでみましょう！
encourage: 引き続きやる気が起きなくて危機を感じてます。	とりあえず取り組んでみましょう！
encourage: 次回以降も解けるか不安。	ゆっくり考えれば大丈夫です！
encourage: Pythonもなかなかたどり着けなくなってきて悔しいです。	悔しいという思いはいいことですね。ゆっくり解いていきましょう。
encourage: Pythonもなかなか答えにたどり着けなくなってきて悔しいです。	悔しいという思いはいいことですね。ゆっくり解いていきましょう。
encourage: 答えにPythonもなかなかたどり着けなくなってきて悔しいです。	悔しいという思いはいいことですね。ゆっくり解いていきましょう。
encourage: もうだんだん追いつけてません。	大丈夫ですよ、ゆっくり進んでいきましょう。
encourage: だんだんもう追いつけてません。	大丈夫ですよ、ゆっくり進んでいきましょう。
encourage: 数回前の授業から既に授業きついていけていませんでした。	そんな時はわからないところに戻って考えてみてください。
encourage: 授業きついていけていませんでした。	そんな時はわからないところに戻って考えてみてください。
encourage: 演習問題も2問目で早速つまづいてしまいこれが”挫折”か......と悟った。	大丈夫ですよ、落ち着いて考えてみてください。
encourage: つまづいてしまいこれが”挫折”か......と悟った。	大丈夫ですよ、落ち着いて考えてみてください。
encourage: 頑張ればA、A+は必ず取れるので明確な基準設けてくれるのありがたいと思いましたA+取れるように頑張ります12回以降は難しすぎてやる気が出ません	一旦、他のことに取り組んでみるのも良いですよ。
encourage: 取れるので明確な基準設けてくれるのありがたいと思いましたA+取れるように頑張ればA、A+は必ず頑張ります12回以降は難しすぎてやる気が出ません	一旦、他のことに取り組んでみるのも良いですよ。
encourage: 焦りしかない今回の授業のブレイクアウトルームで個別にメッセージしてもらえそこから質問できたのでつまづいていたところをクリアできた。	質問をすることも良いですよね。
encourage: メッセージしてもらえそこから質問できたのでつまづいていたところを焦りしかない今回の授業のブレイクアウトルームで個別にクリアできた。	質問をすることも良いですよね。
encourage: 急に難しくなってきて全然理解できなくて落ち込みました。	そういう時は一旦他のことに取り組んでみるのも良いですよ。
encourage: 難しくなってきて全然急に理解できなくて落ち込みました。	そういう時は一旦他のことに取り組んでみるのも良いですよ。
encourage: どこまで進められるか心配です。	ゆっくり進めれば意外と進んでいるものです。
encourage: AtCoderの難易度にあわせたカウントがでましたがAは本来であれば0.2ということでAでも何回も間違えているので軽くショックを受けました。	簡単に見えても最初は難しいものです。
encourage: あわせたカウントがでましたがAは本来であれば0.2ということでAでも何回も間違えているので軽くショックをAtCoderの難易度に受けました。	簡単に見えても最初は難しいものです。
encourage: 教職のために計算機数学IIも履修するつもりでいますが不安です。	大丈夫ですよ、計算機数学Ⅱもできるようになりますよ。
encourage: 計算機数学IIも履修するつもりでいますが不安です。	大丈夫ですよ、計算機数学Ⅱもできるようになりますよ。
encourage: アルゴリズムから難しくなかなか進まないです...。	アルゴリズムは難しいので、ゆっくり考えてみてください。
encourage: 進まないです...。	アルゴリズムは難しいので、ゆっくり考えてみてください。
encourage: 自分で考えたプログラミングが間違っていて他の方の回答をみてみるとそんなに簡単にできるのか!と思うほど短くやっていて自分は全然分かってないと落ち込みました。	大丈夫ですよ、取り組み続ければだんだん短くできるようになりますよ。
encourage: みてみるとそんなに自分で考えたプログラミングが間違っていて他の方の回答を簡単にできるのか!と思うほど短くやっていて自分は全然分かってないと落ち込みました。	大丈夫ですよ、取り組み続ければだんだん短くできるようになりますよ。
encourage: 自分で考えたプログラミングが間違っていて他の方の回答をできるのか!と思うほど短くやっていて自分は全然簡単にみてみるとそんなに分かってないと落ち込みました。	大丈夫ですよ、取り組み続ければだんだん短くできるようになりますよ。
encourage: アルゴリズムに入ってから授業内容に追いつけていないので焦っています。	アルゴリズムは難しいので、ゆっくり考えてみてください。
encourage: 入ってから授業内容にアルゴリズムに追いつけていないので焦っています。	アルゴリズムは難しいので、ゆっくり考えてみてください。
encourage: 12回目難しいです。	そうですね、12回目は少し難しいのでゆっくり読んでみてください。
encourage: とりあえず150問頑張ろうと思っていたのですが「無理では...」と思えてきました。	大丈夫ですよ、少しずつ取り組めば達成できますよ。
encourage: 150問頑張ろうと思っていたのですが「無理では...」と思えてきました。	大丈夫ですよ、少しずつ取り組めば達成できますよ。
encourage: 頭の中がごちゃごちゃになってものすごく時間がかかってしまいました	一旦、他のことに取り組んでみるのも良いですよ。
encourage: に頭の中がごちゃごちゃなってものすごく時間がかかってしまいました	一旦、他のことに取り組んでみるのも良いですよ。
encourage: 累積和とか全探索とかがまだあまり理解できず解けない問題がごろごろと出てきてしまっています	累積和や全探索は難しいですよね、落ち着いて考えてみてください。
encourage: あまり累積和とか全探索とかがまだ理解できず解けない問題がごろごろと出てきてしまっています	累積和や全探索は難しいですよね、落ち着いて考えてみてください。
encourage: 理解できず解けない問題がごろごろ累積和とか全探索とかがまだあまりと出てきてしまっています	累積和や全探索は難しいですよね、落ち着いて考えてみてください。
encourage: あまり進められてないので焦ってます。	大丈夫ですよ、少しずつ取り組んでみてください。
encourage: 焦ってきました。	大丈夫ですよ、少しずつ取り組んでみてください。
encourage: 問題番号は70番くらいまで進んでるけど解けた数だと58問ということがわかったのでちょっと焦ってきました。	大丈夫ですよ、少しずつ取り組んでみてください。
encourage: 進んでいなくてかなりまずいです。	落ち着いて少しずつ取り組んでみてください。
encourage: 正直とても難しかった。	お疲れ様です。甘いものでリフレッシュも良いですよ。
encourage: レポート問題考えましたが難しかったです。	取り組んでいて良いですね。また、時間をおいて考えてみてください。
encourage: まだなると信じてます...ちょっとした打ち間違えや問題の読み取りミスが多くて参りました。	落ち着いて問題に取り組んでみましょう。
encourage: なんとかまだなると信じてます...ちょっとした打ち間違えや問題の読み取りミスが多くて参りました。	落ち着いて問題に取り組んでみましょう。
encourage: まだなんとかなると信じてます...ちょっとした打ち間違えや問題の読み取りミスが多くて参りました。	落ち着いて問題に取り組んでみましょう。
encourage: すごく難しくなってきて困ってます。	他の人に聞いてみることも良いですよ。
encourage: チャレンジ問題授業内で少しやろうかと思ったのですが難しくて一度断念。	一旦他のことをやることもいいですよね。
encourage: やろうかと思ったのですが難しくて一度チャレンジ問題授業内で少し断念。	一旦他のことをやることもいいですよね。
encourage: チャレンジ問題授業内で少し断念。	一旦他のことをやることもいいですよね。
encourage: でも書ける気がしません。	大丈夫です。書けますよ！
encourage: レポート課題にも挑戦してみようとおもいます!授業の内容が難しくなり焦っています。	焦らず、取り組んでみてください。
encourage: テストが落ち着いたらレポートにも取り組みます深さと幅優先探索がどんなものかはなんとなく理解できましたが果たしてこのコードを理解し更にかけるようになる日は来るのかと感じました。	使っていけば、理解できるようになる日が来ますよ。
encourage: このコードをテストが落ち着いたらレポートにかけるようにも取り組みます深さと幅優先探索がどんなものかはなんとなく理解できましたが果たして理解し更になる日は来るのかと感じました。	使っていけば、理解できるようになる日が来ますよ。
encourage: このコードをテストが落ち着いたらレポートにかけるように理解し更に理解できましたが果たしても取り組みます深さと幅優先探索がどんなものかはなんとなくなる日は来るのかと感じました。	使っていけば、理解できるようになる日が来ますよ。
encourage: どんどん内容が難しくなっていてまた課題の正解数がとても少ないので焦っています。	焦らずできるところから取り組んでみてください。
encourage: 内容が難しくなっていてまた課題の正解数がとてもどんどん少ないので焦っています。	焦らずできるところから取り組んでみてください。
encourage: 先週と今週の講義はとても難しくてまだしっかりと理解できてません...。	ゆっくり見直してみてください。
encourage: しっかり難しくてまだ先週と今週の講義はとてもと理解できてません...。	ゆっくり見直してみてください。
encourage: しっかり先週と今週の講義はとても難しくてまだと理解できてません...。	ゆっくり見直してみてください。
encourage: すすめることができませんでした。	一旦、気持ちを入れ替えてみてはいかがですか？
encourage: 難しくほとんどすすめることができませんでした。	一旦、気持ちを入れ替えてみてはいかがですか？
encourage: がんばります...どんどん難しくなって進みもとても遅くなってます。	ゆっくり考えながら取り組めば大丈夫ですよ。
encourage: 難しくなって進みもとてもがんばります...どんどん遅くなってます。	ゆっくり考えながら取り組めば大丈夫ですよ。
encourage: 難しかったです。	お疲れ様です。
encourage: 終わりに近づいてきてさらに難しくなったと思います。	もう少しです！頑張りましょう！
encourage: 近づいてきてさらに終わりに難しくなったと思います。	もう少しです！頑張りましょう！
encourage: 近づいてきてさらに難しくなったと思います。	もう少しです！頑張りましょう！
encourage: 文字列圧縮と1時間くらい格闘しましたが負けました悔しいです!!!!!!前の部分を進めました。	時間をおいてまた取り組んでみてはいかがですか？
encourage: 最近追いつけていなくて焦っています。	大丈夫です。自分のペースで頑張りましょう。
